freek	Freek Fonk
9789041423306	 Escober
9789041412218	 Escober
9789041423313	 Escober
9789041412225	 Escober
9789041422682	 Escober
9789041423320	 Escober
9789041412201	 Escober
9789041416544	 Escober
9789041423337	 Escober
9789041423245	 Escober
9789059052482	 Studio Visual Steps
9789059055513	 Studio Visual Steps
9789059050358	 Studio Visual Steps
9789059052284	 Studio Visual Steps
9789059053847	 Studio Visual Steps
9789059051195	 Studio Visual Steps
9789059053083	 Studio Visual Steps
9789059050099	 Studio Visual Steps
9789059055711	 Studio Visual Steps
9789059050105	 Studio Visual Steps
9789059052581	 Studio Visual Steps
9789045315058	 Thich Nhat Hanh
9789045315195	 Thich Nhat Hanh
9789025903190	 Thich Nhat Hanh
9789025905378	 Thich Nhat Hanh
9789045317458	 Thich Nhat Hanh
9789045317465	 Thich Nhat Hanh
9789045317847	 Thich Nhat Hanh
9789045316284	 Thich Nhat Hanh
9789025905118	 Thich Nhat Hanh
9789045318516	 Thich Nhat Hanh
9789045319094	 Thich Nhat Hanh
9789025904944	 Thich Nhat Hanh
9789025904579	 Thich Nhat Hanh
9789025904722	 Thich Nhat Hanh
9789023483816	A.F.Th. van der Heijden
9789023483915	A.F.Th. van der Heijden
9789023489702	A.F.Th. van der Heijden
9789023496403	A.F.Th. van der Heijden
9789023459545	A.F.Th. van der Heijden
9789023465720	A.F.Th. van der Heijden
9789023479857	A.F.Th. van der Heijden
9789023498490	A.F.Th. van der Heijden
9789023499510	A.F.Th. van der Heijden
9789023463153	A.F.Th. van der Heijden
9789023479529	A.F.Th. van der Heijden
9789023479628	A.F.Th. van der Heijden
9789023480211	A.F.Th. van der Heijden
9789023479321	A.F.Th. van der Heijden
9789023481591	A.F.Th. van der Heijden
9789023477662	A.F.Th. van der Heijden
9789023479826	A.F.Th. van der Heijden
9789023477761	A.F.Th. van der Heijden
9789023479727	A.F.Th. van der Heijden
9789021433707	A.F.Th. van der Heijden
9789023469162	A.F.Th. van der Heijden
9789023479925	A.F.Th. van der Heijden
9789023455233	A.F.Th. van der Heijden
9789023455356	A.F.Th. van der Heijden
9789023468295	A.F.Th. van der Heijden
9789023456148	A.F.Th. van der Heijden
9789023486916	A.F.Th. van der Heijden
9789023429814	A.F.Th. van der Heijden
9789023456438	A.F.Th. van der Heijden
9789023457763	A.F.Th. van der Heijden
9789023477334	A.F.Th. van der Heijden
9789023479420	A.F.Th. van der Heijden
9789023481324	A.F.Th. van der Heijden
9789023449584	A.F.Th. van der Heijden
9789023457190	A.F.Th. van der Heijden
9789023458135	A.F.Th. van der Heijden
9789023499312	A.F.Th. van der Heijden
9789045204789	Abbi Glines
9789045204888	Abbi Glines
9789045205304	Abbi Glines
9789045205403	Abbi Glines
9789045209128	Abbi Glines
9789045208343	Abbi Glines
9789045209654	Abbi Glines
9789045209753	Abbi Glines
9789045208787	Abbi Glines
9789045208985	Abbi Glines
9789045209593	Abbi Glines
9789045210995	Abbi Glines
9789029566469	Abdelkader Benali
9789029579308	Abdelkader Benali
9789029587808	Abdelkader Benali
9789029564861	Abdelkader Benali
9789048001231	Abdelkader Benali
9789029567091	Abdelkader Benali
9789029584043	Abdelkader Benali
9789029575010	Abdelkader Benali
9789029572101	Abdelkader Benali
9789029571692	Abdelkader Benali
9789025442798	Abdelkader Benali
9789029504690	Abdelkader Benali
9789029505611	Abdelkader Benali
9789045701066	Adriaan van Dis
9789046704202	Adriaan van Dis
9789045023694	Adriaan van Dis
9789045705163	Adriaan van Dis
9789045705712	Adriaan van Dis
9789025444525	Adriaan van Dis
9789045705521	Adriaan van Dis
9789025443832	Adriaan van Dis
9789045700151	Adriaan van Dis
9789045702667	Adriaan van Dis
9789045705552	Adriaan van Dis
9789025447625	Adriaan van Dis
9789045702674	Adriaan van Dis
9789025443856	Adriaan van Dis
9789045700410	Adriaan van Dis
9789046702130	Adriaan van Dis
9789025446093	Adriaan van Dis
9789045702094	Adriaan van Dis
9789025443467	Adriaan van Dis
9789025448899	Adriaan van Dis
9789049804220	Adriaan van Dis
9789049805258	Adriaan van Dis
9789025444914	Adriaan van Dis
9789025444921	Adriaan van Dis
9789047620211	Adriaan van Dis
9789044348828	Agatha Christie
9789048822058	Agatha Christie
9789048822065	Agatha Christie
9789048823017	Agatha Christie
9789048823024	Agatha Christie
9789048823031	Agatha Christie
9789048823048	Agatha Christie
9789048823055	Agatha Christie
9789048823208	Agatha Christie
9789048823154	Agatha Christie
9789048832859	Agatha Christie
9789023482246	Alessandro Baricco
9789023452690	Alessandro Baricco
9789023471929	Alessandro Baricco
9789023458623	Alessandro Baricco
9789023468189	Alessandro Baricco
9789023477709	Alessandro Baricco
9789023486633	Alessandro Baricco
9789023490715	Alessandro Baricco
9789023494225	Alessandro Baricco
9789023494256	Alessandro Baricco
9789057595387	Alex Boogers
9789057597619	Alex Boogers
9789057590504	Alex Boogers
9789057598173	Alex Boogers
9789057590481	Alex Boogers
9789057593987	Alex Boogers
9789057597442	Alex Boogers
9789057595981	Alex Boogers
9789057597459	Alex Boogers
9789057597114	Alex Boogers
9789057597985	Alex Boogers
9789057597909	Alex Boogers
9789044510300	Anders Roslund
9789044525540	Anders Roslund
9789044515510	Anders Roslund
9789044520644	Anders Roslund
9789044537833	Anders Roslund
9789044525564	Anders Roslund
9789044525335	Anders Roslund
9789044534016	Anders Roslund
9789044535983	Anders Roslund
9789044535594	Anders Roslund
9789046114698	Andy McNab
9789400502291	Andy McNab
9789046114858	Andy McNab
9789022997338	Andy McNab
9789400501171	Andy McNab
9789400503946	Andy McNab
9789046114162	Andy McNab
9789400502130	Andy McNab
9789400505049	Andy McNab
9789022997079	Andy McNab
9789400503939	Andy McNab
9789400505230	Andy McNab
9789022997598	Andy McNab
9789400501539	Andy McNab
9789400505308	Andy McNab
9789400505513	Andy McNab
9789400505056	Andy McNab
9789022999332	Andy McNab
9789400506381	Andy McNab
9789400503953	Andy McNab
9789029587709	Anna Enquist
9789029578592	Anna Enquist
9789029586092	Anna Enquist
9789049804022	Anna Enquist
9789029575126	Anna Enquist
9789029504959	Anna Enquist
9789029572149	Anna Enquist
9789029504935	Anna Enquist
9789029565714	Anna Enquist
9789029539531	Anna Enquist
9789029589444	Anna Enquist
9789029567510	Anna Enquist
9789029572132	Anna Enquist
9789029586078	Anna Enquist
9789029504966	Anna Enquist
9789029564892	Anna Enquist
9789029567527	Anna Enquist
9789038898896	Anna Enquist
9789021455440	Annejet van der Zijl
9789021403557	Annejet van der Zijl
9789021439013	Annejet van der Zijl
9789021439648	Annejet van der Zijl
9789021403755	Annejet van der Zijl
9789021439020	Annejet van der Zijl
9789021439044	Annejet van der Zijl
9789021441702	Annejet van der Zijl
9789021448015	Annejet van der Zijl
9789021400730	Annejet van der Zijl
9789047621638	Annejet van der Zijl
9789026322884	Antony Beevor
9789026323157	Antony Beevor
9789026325786	Antony Beevor
9789026325656	Antony Beevor
9789026324178	Antony Beevor
9789041410887	Antony Beevor
9789026320859	Antony Beevor
9789026321924	Antony Beevor
9789026327834	Antony Beevor
9789021433943	Arnaldur Indridason
9789021435473	Arnaldur Indridason
9789021456690	Arnaldur Indridason
9789021439518	Arnaldur Indridason
9789021457635	Arnaldur Indridason
9789021439501	Arnaldur Indridason
9789021441931	Arnaldur Indridason
9789021446271	Arnaldur Indridason
9789021441948	Arnaldur Indridason
9789021447179	Arnaldur Indridason
9789021441368	Arnaldur Indridason
9789021446585	Arnaldur Indridason
9789021443133	Arnaldur Indridason
9789056721831	Arnaldur Indridason
9789021449876	Arnaldur Indridason
9789021449883	Arnaldur Indridason
9789400500013	Arnaldur Indridason
9789021443140	Arnaldur Indridason
9789046113516	Arnaldur Indridason
9789021438252	Arnaldur Indridason
9789021455884	Arnaldur Indridason
9789021441962	Arnaldur Indridason
9789021446615	Arnaldur Indridason
9789021446592	Arnaldur Indridason
9789021454795	Arnaldur Indridason
9789021454771	Arnaldur Indridason
9789021457628	Arnaldur Indridason
9789021401607	Arnaldur Indridason
9789021457604	Arnaldur Indridason
9789021401843	Arnaldur Indridason
9789048803408	Arnon Grunberg
9789048835010	Arnon Grunberg
9789050005142	Arnon Grunberg
9789048801329	Arnon Grunberg
9789048802975	Arnon Grunberg
9789048803446	Arnon Grunberg
9789048835027	Arnon Grunberg
9789038898162	Arnon Grunberg
9789038894843	Arnon Grunberg
9789038800776	Arnon Grunberg
9789038890593	Arnon Grunberg
9789038894058	Arnon Grunberg
9789038898346	Arnon Grunberg
9789038894836	Arnon Grunberg
9789038896175	Arnon Grunberg
9789038896793	Arnon Grunberg
9789038893822	Arnon Grunberg
9789038893839	Arnon Grunberg
9789038894652	Arnon Grunberg
9789038896236	Arnon Grunberg
9789038894102	Arnon Grunberg
9789038899879	Arnon Grunberg
9789038802251	Arnon Grunberg
9789038899725	Arnon Grunberg
9789038899886	Arnon Grunberg
9789038899909	Arnon Grunberg
9789038898636	Arnon Grunberg
9789048819133	Arnon Grunberg
9789048829835	Arnon Grunberg
9789029505796	Arnon Grunberg
9789022572320	Arthur Conan Doyle
9789022572702	Arthur Conan Doyle
9789049927707	Arthur Conan Doyle
9789022571224	Arthur Conan Doyle
9789049927684	Arthur Conan Doyle
9789049927691	Arthur Conan Doyle
9789022571231	Arthur Conan Doyle
9789049927714	Arthur Conan Doyle
9789049927721	Arthur Conan Doyle
9789049927738	Arthur Conan Doyle
9789049927745	Arthur Conan Doyle
9789029584920	Arthur Japin
9789029588614	Arthur Japin
9789029589123	Arthur Japin
9789029572972	Arthur Japin
9789029578684	Arthur Japin
9789029586382	Arthur Japin
9789047606536	Arthur Japin
9789049804886	Arthur Japin
9789029588454	Arthur Japin
9789029573641	Arthur Japin
9789029586399	Arthur Japin
9789049804008	Arthur Japin
9789029573627	Arthur Japin
9789029574259	Arthur Japin
9789029565295	Arthur Japin
9789029567572	Arthur Japin
9789029573634	Arthur Japin
9789029574273	Arthur Japin
9789029586405	Arthur Japin
9789029573658	Arthur Japin
9789029573610	Arthur Japin
9789029563345	Arthur Japin
9789029573665	Arthur Japin
9789029511179	Arthur Japin
9789029538961	Arthur Japin
9789462531512	Arthur Japin
9789023459125	Auke Kok
9789023473350	Auke Kok
9789400402577	Auke Kok
9789400403093	Auke Kok
9789023417361	Auke Kok
9789023474692	Auke Kok
9789023458265	Auke Kok
9789023467595	Auke Kok
9789400400788	Auke Kok
9789023493655	Auke Kok
9789400404526	Auke Kok
9789024556946	Bernhard Hennen
9789024524334	Bernhard Hennen
9789024550364	Bernhard Hennen
9789024564057	Bernhard Hennen
9789024562848	Bernhard Hennen
9789024533190	Bernhard Hennen
9789024527946	Bernhard Hennen
9789024550418	Bernhard Hennen
9789024568307	Bernhard Hennen
9789024562862	Bernhard Hennen
9789024553921	Bernhard Hennen
9789024572588	Bernhard Hennen
9789024552801	Bernhard Hennen
9789024558667	Bernhard Hennen
9789024544707	Bernhard Hennen
9789024565016	Bernhard Hennen
9789024565030	Bernhard Hennen
9789024558681	Bernhard Hennen
9789024544677	Bernhard Hennen
9789024530588	Bernhard Hennen
9789020409635	Bert Wagendorp
9789025441838	Bert Wagendorp
9789020411164	Bert Wagendorp
9789025442989	Bert Wagendorp
9789025443078	Bert Wagendorp
9789025445294	Bert Wagendorp
9789049803421	Bert Wagendorp
9789045028934	Bert Wagendorp
9789025448738	Bert Wagendorp
9789045025254	Bill Bryson
9789046700037	Bill Bryson
9789045029467	Bill Bryson
9789047100256	Bill Bryson
9789025439477	Bill Bryson
9789045008752	Bill Bryson
9789045009704	Bill Bryson
9789045014746	Bill Bryson
9789045029870	Bill Bryson
9789046705186	Bill Bryson
9789045026374	Bill Bryson
9789046705094	Bill Bryson
9789045030753	Bill Bryson
9789045033327	Bill Bryson
9789026331510	Camilla Läckberg
9789041420138	Camilla Läckberg
9789041424044	Camilla Lackberg
9789041425713	Camilla Läckberg
9789049803735	Camilla Läckberg
9789049804848	Camilla Läckberg
9789026331442	Camilla Läckberg
9789041410368	Camilla Läckberg
9789041412553	Camilla Läckberg
9789041420978	Camilla Läckberg
9789049800222	Camilla Läckberg
9789049804770	Camilla Läckberg
9789026331480	Camilla Läckberg
9789041413857	Camilla Läckberg
9789041425294	Camilla Läckberg
9789049802486	Camilla Läckberg
9789049804817	Camilla Läckberg
9789026331459	Camilla Läckberg
9789041410375	Camilla Läckberg
9789041413734	Camilla Läckberg
9789041415905	Camilla Läckberg
9789049804787	Camilla Läckberg
9789026333293	Camilla Läckberg
9789041416063	Camilla Läckberg
9789026331466	Camilla Läckberg
9789041411761	Camilla Läckberg
9789041415035	Camilla Läckberg
9789049801755	Camilla Läckberg
9789049804794	Camilla Läckberg
9789026331503	Camilla Läckberg
9789041421135	Camilla Lackberg
9789041424396	Camilla Läckberg
9789049803483	Camilla Läckberg
9789049804831	Camilla Läckberg
9789026331497	Camilla Läckberg
9789041413864	Camilla Läckberg
9789041421715	Camilla Läckberg
9789049803261	Camilla Läckberg
9789049804824	Camilla Läckberg
9789026331473	Camilla Läckberg
9789041415189	Camilla Läckberg
9789041415912	Camilla Läckberg
9789049804800	Camilla Läckberg
9789026333286	Camilla Läckberg
9789041420145	Camilla Läckberg
9789049803650	Camilla Läckberg
9789049804695	Camilla Läckberg
9789026336317	Camilla Läckberg
9789056724559	Carlos Ruiz Zafón
9789056724894	Carlos Ruiz Zafón
9789056724955	Carlos Ruiz Zafón
9789056725464	Carlos Ruiz Zafón
9789044970852	Carlos Ruiz Zafón
9789056723552	Carlos Ruiz Zafón
9789056720780	Carlos Ruiz Zafon
9789056721879	Carlos Ruiz Zafon
9789056723101	Carlos Ruiz Zafon
9789056724009	Carlos Ruiz Zafón
9789056725198	Carlos Ruiz Zafón
9789056723156	Carlos Ruiz Zafón
9789056723163	Carlos Ruiz Zafón
9789056723163	Carlos Ruiz Zafón
9789056724580	Carlos Ruiz Zafón
9789045026602	Carolijn Visser
9789045705200	Carolijn Visser
9789046704875	Carolijn Visser
9789045031569	Carolijn Visser
9789045031552	Carolijn Visser
9789045701561	Carolijn Visser
9789045701608	Carolijn Visser
9789046704424	Carolijn Visser
9789045703855	Carolijn Visser
9789046700891	Carolijn Visser
9789046704561	Carolijn Visser
9789045702803	Carolijn Visser
9789045024448	Carolijn Visser
9789048831975	Cassandra Clare
9789044329131	Cassandra Clare
9789044342529	Cassandra Clare
9789044333954	Cassandra Clare
9789044342543	Cassandra Clare
9789048825233	Cassandra Clare
9789044344622	Cassandra Clare
9789044345322	Cassandra Clare
9789048833962	Cassandra Clare
9789048833887	Cassandra Clare
9789048826964	Cassandra Clare
9789044340976	Cassandra Clare
9789048826933	Cassandra Clare
9789048826940	Cassandra Clare
9789048826568	Cassandra Clare
9789048836376	Cassandra Clare
9789023478263	Cees Nooteboom
9789023478614	Cees Nooteboom
9789023438700	Cees Nooteboom
9789023468844	Cees Nooteboom
9789023441397	Cees Nooteboom
9789023486183	Cees Nooteboom
9789023441304	Cees Nooteboom
9789023458791	Cees Nooteboom
9789023458692	Cees Nooteboom
9789023462934	Cees Nooteboom
9789023464693	Cees Nooteboom
9789045005096	Cees Nooteboom
9789023466017	Cees Nooteboom
9789023440345	Cees Nooteboom
9789023427926	Cees Nooteboom
9789023439462	Cees Nooteboom
9789023453949	Cees Nooteboom
9789023459743	Cees Nooteboom
9789023473756	Cees Nooteboom
9789045000794	Cees Nooteboom
9789023474326	Cees Nooteboom
9789023489108	Cees Nooteboom
9789023468943	Cees Nooteboom
9789023455110	Cees Nooteboom
9789023455219	Cees Nooteboom
9789023477273	Cees Nooteboom
9789023493327	Cees Nooteboom
9789023498131	Cees Nooteboom
9789023448327	Cees Nooteboom
9789023498209	Cees Nooteboom
9789044325133	Chantal van Gastel
9789044339369	Chantal van Gastel
9789044350982	Chantal van Gastel
9789044338638	Chantal van Gastel
9789044344585	Chantal van Gastel
9789044335385	Chantal van Gastel
9789044330687	Chantal van Gastel
9789044336481	Chantal van Gastel
9789044343311	Chantal van Gastel
9789044350043	Chantal van Gastel
9789044344868	Chantal van Gastel
9789044344875	Chantal van Gastel
9789044348804	Chantal van Gastel
9789044344745	Chantal van Gastel
9789044344752	Chantal van Gastel
9789044348545	Chantal van Gastel
9789044348552	Chantal van Gastel
9789048819812	Charles Bukowski
9789048819737	Charles Bukowski
9789048819799	Charles Bukowski
9789048819751	Charles Bukowski
9789048819775	Charles Bukowski
9789048822010	Charles Bukowski
9789048822096	Charles Bukowski
9789048822102	Charles Bukowski
9789048832262	Charles Bukowski
9789048832279	Charles Bukowski
9789044524628	Charles den Tex
9789044511703	Charles den Tex
9789044513387	Charles den Tex
9789044516456	Charles den Tex
9789044520576	Charles den Tex
9789044511086	Charles den Tex
9789044520583	Charles den Tex
9789044524932	Charles den Tex
9789044504828	Charles den Tex
9789044525502	Charles den Tex
9789044526264	Charles den Tex
9789044519884	Charles den Tex
9789462370005	Charles den Tex
9789044515237	Charles den Tex
9789044514308	Charles den Tex
9789044520590	Charles den Tex
9789044533484	Charles den Tex
9789044536089	Charles den Tex
9789044515268	Charles den Tex
9789401602303	Christina Lauren
9789401604413	Christina Lauren
9789401602266	Christina Lauren
9789401604390	Christina Lauren
9789401604079	Christina Lauren
9789401604093	Christina Lauren
9789401602280	Christina Lauren
9789401604406	Christina Lauren
9789401604864	Christina Lauren
9789400403949	Claudia de Breij
9789046818602	Claudia de Breij
9789048835119	Claudia de Breij
9789048835126	Claudia de Breij
9789048826209	Claudia de Breij
9789048826216	Claudia de Breij
9789048836611	Claudia de Breij
9789048836628	Claudia de Breij
9789048838493	Claudia de Breij
9789044331318	Clive Cussler
9789044349931	Clive Cussler
9789044349948	Clive Cussler
9789044339451	Clive Cussler
9789044339413	Clive Cussler
9789044342079	Clive Cussler
9789044350920	Clive Cussler
9789044336887	Clive Cussler
9789044340341	Clive Cussler
9789044342116	Clive Cussler
9789044332698	Clive Cussler
9789044339390	Clive Cussler
9789044343137	Clive Cussler
9789044349979	Clive Cussler
9789044349986	Clive Cussler
9789044343151	Clive Cussler
9789044340365	Clive Cussler
9789044339437	Clive Cussler
9789044332551	Clive Cussler
9789044339383	Clive Cussler
9789044336870	Clive Cussler
9789044340327	Clive Cussler
9789044350081	Clive Cussler
9789044350098	Clive Cussler
9789044342093	Clive Cussler
9789044326635	Clive Cussler
9789044336863	Clive Cussler
9789044337037	Clive Cussler
9789044347470	Clive Cussler
9789044343199	Clive Cussler
9789044345520	Clive Cussler
9789044345537	Clive Cussler
9789044350845	Clive Cussler
9789044344707	Clive Cussler
9789044344691	Clive Cussler
9789044344684	Clive Cussler
9789044350883	Clive Cussler
9789044343175	Clive Cussler
9789044346336	Clive Cussler
9789044346343	Clive Cussler
9789044351613	Clive Cussler
9789044336184	Clive Cussler
9789044346350	Clive Cussler
9789044346367	Clive Cussler
9789044351927	Clive Cussler
9789044349511	Clive Cussler
9789044349528	Clive Cussler
9789044350906	Clive Cussler
9789044350913	Clive Cussler
9789044349498	Clive Cussler
9789044349504	Clive Cussler
9789045201504	Corine Hartman
9789045206264	Corine Hartman
9789061126768	Corine Hartman
9789045202693	Corine Hartman
9789045201269	Corine Hartman
9789045200538	Corine Hartman
9789045201665	Corine Hartman
9789045205991	Corine Hartman
9789061125792	Corine Hartman
9789061126577	Corine Hartman
9789045206417	Corine Hartman
9789045208930	Corine Hartman
9789061124382	Corine Hartman
9789061127109	Corine Hartman
9789023490890	Corine Hartman
9789045205779	Corine Hartman
9789045208527	Corine Hartman
9789023494195	Corine Hartman
9789061120865	Corine Hartman
9789061125693	Corine Hartman
9789061120285	Corine Hartman
9789045204840	Corine Hartman
9789023498971	Corine Hartman
9789021008035	Dan Brown
9789024532070	Dan Brown
9789024559916	Dan Brown
9789024562282	Dan Brown
9789021008967	Dan Brown
9789024529445	Dan Brown
9789024562275	Dan Brown
9789021009636	Dan Brown
9789024528592	Dan Brown
9789024530366	Dan Brown
9789024532063	Dan Brown
9789024562305	Dan Brown
9789049803162	Dan Brown
9789021008950	Dan Brown
9789024529438	Dan Brown
9789024553020	Dan Brown
9789024562299	Dan Brown
9789021012810	Dan Brown
9789024562312	Dan Brown
9789024565245	Dan Brown
9789021015507	Dan Brown
9789021016993	Dan Brown
9789021018836	Dan Brown
9789024561858	Dan Brown
9789024562466	Dan Brown
9789024564095	Dan Brown
9789024566310	Dan Brown
9789049802677	Dan Brown
9789049803575	Dan Brown
9789024575237	Dan Brown
9789048813391	Daphne Deckers
9789044347661	Daphne Deckers
9789048816675	Daphne Deckers
9789048818181	Daphne Deckers
9789044350265	Daphne Deckers
9789044350272	Daphne Deckers
9789048814855	Daphne Deckers
9789048818129	Daphne Deckers
9789044350944	Daphne Deckers
9789048816330	Daphne Deckers
9789048818891	Daphne Deckers
9789043905381	Daphne Deckers
9789043910866	Daphne Deckers
9789044349009	Daphne Deckers
9789044349016	Daphne Deckers
9789048813551	Dave Eggers
9789048818631	Dave Eggers
9789048819911	Dave Eggers
9789048829095	Dave Eggers
9789048812523	Dave Eggers
9789048817016	Dave Eggers
9789048831982	Dave Eggers
9789048821808	Dave Eggers
9789048835942	Dave Eggers
9789048835959	Dave Eggers
9789400501157	David Baldacci
9789400507050	David Baldacci
9789022999479	David Baldacci
9789400501164	David Baldacci
9789400507043	David Baldacci
9789400501133	David Baldacci
9789400501379	David Baldacci
9789400504844	David Baldacci
9789400501140	David Baldacci
9789400503380	David Baldacci
9789400504929	David Baldacci
9789400504448	David Baldacci
9789400504455	David Baldacci
9789400505032	David Baldacci
9789022999011	David Baldacci
9789400503595	David Baldacci
9789022999028	David Baldacci
9789400500532	David Baldacci
9789400503922	David Baldacci
9789400504462	David Baldacci
9789022995037	David Baldacci
9789400500723	David Baldacci
9789022995495	David Baldacci
9789400502468	David Baldacci
9789022995501	David Baldacci
9789400502857	David Baldacci
9789022995044	David Baldacci
9789400501102	David Baldacci
9789022994580	David Baldacci
9789400501522	David Baldacci
9789022994900	David Baldacci
9789022991541	David Baldacci
9789046114292	David Baldacci
9789046114711	David Baldacci
9789400505179	David Baldacci
9789022989456	David Baldacci
9789022993361	David Baldacci
9789022996638	David Baldacci
9789400505988	David Baldacci
9789022996621	David Baldacci
9789400505995	David Baldacci
9789400504479	David Baldacci
9789400507166	David Baldacci
9789400507357	David Baldacci
9789059363991	David Grossman
9789049804206	David Grossman
9789059362635	David Grossman
9789059363632	David Grossman
9789059366107	David Grossman
9789059360044	David Grossman
9789059362734	David Grossman
9789059363533	David Grossman
9789059366848	David Grossman
9789059363670	David Grossman
9789059361812	David Grossman
9789059365940	David Grossman
9789059365711	David Grossman
9789059366756	David Grossman
9789059366954	David Grossman
9789021433332	David Mitchell
9789021442068	David Mitchell
9789021434674	David Mitchell
9789021438412	David Mitchell
9789021443201	David Mitchell
9789046818183	David Mitchell
9789046818336	David Mitchell
9789046813478	David Mitchell
9789046818343	David Mitchell
9789046819456	David Mitchell
9789046817483	David Mitchell
9789046818350	David Mitchell
9789041711779	David Mitchell
9789046816325	David Mitchell
9789046819906	David Mitchell
9789021556505	Deepak Chopra
9789021558134	Deepak Chopra
9789021558646	Deepak Chopra
9789023008934	Deepak Chopra
9789069638164	Deepak Chopra
9789401302272	Deepak Chopra
9789401302685	Deepak Chopra
9789460682803	Deepak Chopra
9789021560502	Deepak Chopra
9789069636450	Deepak Chopra
9789401301664	Deepak Chopra
9789400501614	Deon Meyer
9789400504196	Deon Meyer
9789400506312	Deon Meyer
9789400500037	Deon Meyer
9789400506329	Deon Meyer
9789400500020	Deon Meyer
9789400506176	Deon Meyer
9789400500266	Deon Meyer
9789046114834	Deon Meyer
9789400502314	Deon Meyer
9789400506169	Deon Meyer
9789400500280	Deon Meyer
9789400504172	Deon Meyer
9789400506916	Deon Meyer
9789400506152	Deon Meyer
9789022566848	Diana Gabaldon
9789022574492	Diana Gabaldon
9789022535936	Diana Gabaldon
9789022570937	Diana Gabaldon
9789022570944	Diana Gabaldon
9789022570920	Diana Gabaldon
9789022569955	Diana Gabaldon
9789089680785	Diana Gabaldon
9789022569665	Diana Gabaldon
9789022566923	Diana Gabaldon
9789022579107	Diana Gabaldon
9789025441265	Dimitri Verhulst
9789025441463	Dimitri Verhulst
9789025445607	Dimitri Verhulst
9789025414122	Dimitri Verhulst
9789025432133	Dimitri Verhulst
9789025443689	Dimitri Verhulst
9789046703502	Dimitri Verhulst
9789025437534	Dimitri Verhulst
9789025438012	Dimitri Verhulst
9789025438180	Dimitri Verhulst
9789025443696	Dimitri Verhulst
9789025474607	Dimitri Verhulst
9789025429539	Dimitri Verhulst
9789025429768	Dimitri Verhulst
9789025444556	Dimitri Verhulst
9789046704370	Dimitri Verhulst
9789025425043	Dimitri Verhulst
9789025425081	Dimitri Verhulst
9789025443559	Dimitri Verhulst
9789025443788	Dimitri Verhulst
9789025446420	Dimitri Verhulst
9789025449148	Dimitri Verhulst
9789025449445	Dimitri Verhulst
9789023434603	Donna Leon
9789023426264	Donna Leon
9789023462538	Donna Leon
9789023427339	Donna Leon
9789023429166	Donna Leon
9789023459101	Donna Leon
9789023472247	Donna Leon
9789023420958	Donna Leon
9789023459132	Donna Leon
9789023463801	Donna Leon
9789023473534	Donna Leon
9789023478638	Donna Leon
9789023484875	Donna Leon
9789023490968	Donna Leon
9789023494492	Donna Leon
9789022998779	Elizabeth George
9789400501041	Elizabeth George
9789400505971	Elizabeth George
9789022992951	Elizabeth George
9789400502437	Elizabeth George
9789022997550	Elizabeth George
9789022997581	Elizabeth George
9789022998762	Elizabeth George
9789046114018	Elizabeth George
9789400506824	Elizabeth George
9789023483618	Elizabeth Gilbert
9789023490319	Elizabeth Gilbert
9789023457169	Elizabeth Gilbert
9789023462880	Elizabeth Gilbert
9789023467229	Elizabeth Gilbert
9789023469957	Elizabeth Gilbert
9789023485773	Elizabeth Gilbert
9789023441694	Elizabeth Gilbert
9789023465102	Elizabeth Gilbert
9789023455554	Elizabeth Gilbert
9789023457572	Elizabeth Gilbert
9789023459255	Elizabeth Gilbert
9789023496939	Elizabeth Gilbert
9789032513917	Erica James
9789032514648	Erica James
9789032512934	Erica James
9789032513900	Erica James
9789032512095	Erica James
9789032513979	Erica James
9789026137976	Erica James
9789026140358	Erica James
9789026139925	Erica James
9789028422629	Erik Vlaminck
9789028423596	Erik Vlaminck
9789028425255	Erik Vlaminck
9789028425248	Erik Vlaminck
9789028425231	Erik Vlaminck
9789028426467	Erik Vlaminck
9789460013621	Erik Vlaminck
9789460014970	Erik Vlaminck
9789460014567	Erik Vlaminck
9789057595448	Ernest van der Kwast
9789023474227	Ernest van der Kwast
9789023476726	Ernest van der Kwast
9789023493815	Ernest van der Kwast
9789038893204	Ernest van der Kwast
9789038894164	Ernest van der Kwast
9789038898360	Ernest van der Kwast
9789023486381	Ernest van der Kwast
9789023499268	Ernest van der Kwast
9789038893877	Ernest van der Kwast
9789023498339	Ernest van der Kwast
9789044512885	Esther Gerritsen
9789044533538	Esther Gerritsen
9789044525182	Esther Gerritsen
9789044533521	Esther Gerritsen
9789044526387	Esther Gerritsen
9789044520439	Esther Gerritsen
9789462370418	Esther Gerritsen
9789462370906	Esther Gerritsen
9789462380646	Esther Gerritsen
9789026330902	Esther Verhoef
9789041419842	Esther Verhoef
9789049803018	Esther Verhoef
9789026330896	Esther Verhoef
9789041416124	Esther Verhoef
9789049802202	Esther Verhoef
9789041419859	Esther Verhoef
9789026331848	Esther Verhoef
9789026335501	Esther Verhoef
9789041410252	Esther Verhoef
9789041414458	Esther Verhoef
9789041421654	Esther Verhoef
9789049801021	Esther Verhoef
9789041414298	Esther Verhoef
9789049802516	Esther Verhoef
9789026333583	Esther Verhoef
9789041410566	Esther Verhoef
9789041414465	Esther Verhoef
9789041419835	Esther Verhoef
9789026331855	Esther Verhoef
9789041423696	Esther Verhoef
9789041425805	Esther Verhoef
9789049803322	Esther Verhoef
9789400504257	Esther Verhoef
9789044628791	Esther Verhoef
9789044628838	Esther Verhoef
9789026334467	Esther Verhoef
9789026336614	Esther Verhoef
9789046703694	Geert Mak
9789046703861	Geert Mak
9789049802776	Geert Mak
9789025439200	Geert Mak
9789045020846	Geert Mak
9789045021614	Geert Mak
9789045027081	Geert Mak
9789045027555	Geert Mak
9789049803582	Geert Mak
9789045029535	Geert Mak
9789045027760	Geert Mak
9789045031842	Geert Mak
9789024562022	George R.R. Martin
9789024556533	George R.R. Martin
9789024564392	George R.R. Martin
9789024566976	George R.R. Martin
9789024564385	George R.R. Martin
9789024560363	George R.R. Martin
9789024541591	George R.R. Martin
9789024556335	George R.R. Martin
9789024571598	George R.R. Martin
9789024562930	George R.R. Martin
9789024569649	George R.R. Martin
9789085426011	Georges Simenon
9789085425922	Georges Simenon
9789085426035	Georges Simenon
9789085426004	Georges Simenon
9789085426103	Georges Simenon
9789085426110	Georges Simenon
9789085426370	Georges Simenon
9789085426431	Georges Simenon
9789085426127	Georges Simenon
9789085426455	Georges Simenon
9789085426448	Georges Simenon
9789023495000	Georges Simenon
9789023495208	Georges Simenon
9789023495307	Georges Simenon
9789023496311	Georges Simenon
9789023419273	Georges Simenon
9789023417835	Georges Simenon
9789023419297	Georges Simenon
9789021017433	Graeme Simsion
9789024565719	Graeme Simsion
9789049804084	Graeme Simsion
9789021015729	Graeme Simsion
9789021018171	Graeme Simsion
9789021808710	Graeme Simsion
9789049803957	Graeme Simsion
9789024573851	Graeme Simsion
9789049805166	Graeme Simsion
9789044523034	Håkan Nesser
9789044524604	Hakan Nesser
9789044524604	Håkan Nesser
9789044518887	Håkan Nesser
9789044523010	Hakan Nesser
9789044523010	Håkan Nesser
9789044529784	Håkan Nesser
9789044523027	Hakan Nesser
9789044523027	Håkan Nesser
9789044529999	Håkan Nesser
9789044531022	Hakan Nesser
9789044531022	Håkan Nesser
9789044532470	Håkan Nesser
9789044535679	Håkan Nesser
9789041711571	Hans Keilson
9789055159888	Hans Keilson
9789461641397	Hans Keilson
9789461643025	Hans Keilson
9789055158775	Hans Keilson
9789461640352	Hans Keilson
9789461643032	Hans Keilson
9789461643018	Hans Keilson
9789461640123	Hans Keilson
9789461643056	Hans Keilson
9789461640017	Hans Keilson
9789461641403	Hans Keilson
9789461643049	Hans Keilson
9789022559109	Harlan Coben
9789022572030	Harlan Coben
9789022564035	Harlan Coben
9789022573631	Harlan Coben
9789022564042	Harlan Coben
9789022573624	Harlan Coben
9789022562666	Harlan Coben
9789022569900	Harlan Coben
9789022559093	Harlan Coben
9789022568903	Harlan Coben
9789049804978	Harlan Coben
9789022557211	Harlan Coben
9789022566237	Harlan Coben
9789022566220	Harlan Coben
9789022566206	Harlan Coben
9789022562390	Harlan Coben
9789022577875	Harlan Coben
9789022562413	Harlan Coben
9789022551677	Harlan Coben
9789022549933	Harlan Coben
9789022568019	Harlan Coben
9789022562406	Harlan Coben
9789022577882	Harlan Coben
9789022562369	Harlan Coben
9789022552070	Harlan Coben
9789022568033	Harlan Coben
9789022578759	Harlan Coben
9789022557273	Harlan Coben
9789022562420	Harlan Coben
9789022566213	Harlan Coben
9789022562383	Harlan Coben
9789022562376	Harlan Coben
9789022551684	Harlan Coben
9789022568026	Harlan Coben
9789022557280	Harlan Coben
9789022568927	Harlan Coben
9789022570272	Harlan Coben
9789022566411	Harlan Coben
9789022565186	Harlan Coben
9789022573518	Harlan Coben
9789022580448	Harlan Coben
9789022565179	Harlan Coben
9789022565162	Harlan Coben
9789022565254	Harlan Coben
9789023466949	Harry Mulisch
9789023466444	Harry Mulisch
9789023428367	Harry Mulisch
9789023466840	Harry Mulisch
9789023472780	Harry Mulisch
9789023426073	Harry Mulisch
9789023466345	Harry Mulisch
9789023473251	Harry Mulisch
9789023466642	Harry Mulisch
9789023466543	Harry Mulisch
9789023476825	Harry Mulisch
9789023466741	Harry Mulisch
9789023458739	Harry Mulisch
9789023492924	Harry Mulisch
9789025441487	Haruki Murakami
9789025445232	Haruki Murakami
9789025443757	Haruki Murakami
9789046703991	Haruki Murakami
9789025442842	Haruki Murakami
9789046704004	Haruki Murakami
9789025443474	Haruki Murakami
9789045006536	Haruki Murakami
9789046703564	Haruki Murakami
9789025443016	Haruki Murakami
9789045000954	Haruki Murakami
9789046703571	Haruki Murakami
9789025440541	Haruki Murakami
9789045021874	Haruki Murakami
9789025445386	Haruki Murakami
9789025445966	Haruki Murakami
9789025442194	Haruki Murakami
9789045005591	Haruki Murakami
9789025444419	Haruki Murakami
9789045004389	Haruki Murakami
9789025444426	Haruki Murakami
9789045000961	Haruki Murakami
9789025442071	Haruki Murakami
9789025445959	Haruki Murakami
9789025443023	Haruki Murakami
9789045016436	Haruki Murakami
9789025443740	Haruki Murakami
9789046704059	Haruki Murakami
9789025442088	Haruki Murakami
9789045009896	Haruki Murakami
9789025444372	Haruki Murakami
9789025442095	Haruki Murakami
9789045014784	Haruki Murakami
9789025446604	Haruki Murakami
9789048825226	Heleen van Royen
9789049950637	Heleen van Royen
9789049951665	Heleen van Royen
9789048826377	Heleen van Royen
9789049951283	Heleen van Royen
9789049951573	Heleen van Royen
9789049952518	Heleen van Royen
9789049999537	Heleen van Royen
9789048817955	Heleen van Royen
9789048817962	Heleen van Royen
9789048836598	Heleen van Royen
9789049952952	Heleen van Royen
9789021455648	Hella Haasse
9789021441481	Hella Haasse
9789021441504	Hella Haasse
9789021438818	Hella Haasse
9789021442419	Hella Haasse
9789021443065	Hella Haasse
9789021443089	Hella Haasse
9789021455600	Hella Haasse
9789021455631	Hella Haasse
9789021455679	Hella Haasse
9789021450759	Hella Haasse
9789021455709	Hella Haasse
9789021455747	Hella Haasse
9789021433592	Hella Haasse
9789021455662	Hella Haasse
9789021446530	Hella Haasse
9789021448022	Hella Haasse
9789021440286	Hella Haasse
9789021455433	Hella Haasse
9789021443102	Hella Haasse
9789021441795	Hella Haasse
9789021459479	Hella Haasse
9789021455730	Hella Haasse
9789021455693	Hella Haasse
9789462371392	Hella Haasse
9789021455624	Hella Haasse
9789021455617	Hella Haasse
9789021455754	Hella Haasse
9789021402154	Hella Haasse
9789021437828	Hella S. Haasse
9789021455655	Hella S. Haasse
9789021438825	Hella S. Haasse
9789021467672	Hella S. Haasse
9789021433578	Hella S. Haasse
9789021442228	Hella S. Haasse
9789041707963	Hella S. Haasse
9789021433585	Hella S. Haasse
9789021434223	Hella S. Haasse
9789021441818	Hella S. Haasse
9789021467603	Hella S. Haasse
9789021467689	Hella S. Haasse
9789044504156	Henning Mankell
9789044515053	Henning Mankell
9789044517255	Henning Mankell
9789044535358	Henning Mankell
9789044505955	Henning Mankell
9789044512281	Henning Mankell
9789044535402	Henning Mankell
9789044520385	Henning Mankell
9789044521184	Henning Mankell
9789044525434	Henning Mankell
9789462370524	Henning Mankell
9789462371132	Henning Mankell
9789044501520	Henning Mankell
9789044511239	Henning Mankell
9789044535426	Henning Mankell
9789044510744	Henning Mankell
9789044516012	Henning Mankell
9789044521665	Henning Mankell
9789044536379	Henning Mankell
9789044506990	Henning Mankell
9789044509175	Henning Mankell
9789044512533	Henning Mankell
9789044536850	Henning Mankell
9789044512588	Henning Mankell
9789044516807	Henning Mankell
9789044517545	Henning Mankell
9789044520811	Henning Mankell
9789044521757	Henning Mankell
9789044536799	Henning Mankell
9789044505894	Henning Mankell
9789044508833	Henning Mankell
9789044505153	Henning Mankell
9789044508789	Henning Mankell
9789044515848	Henning Mankell
9789044536829	Henning Mankell
9789044512984	Henning Mankell
9789044536836	Henning Mankell
9789044505146	Henning Mankell
9789044508772	Henning Mankell
9789044536911	Henning Mankell
9789044505177	Henning Mankell
9789044515855	Henning Mankell
9789044536928	Henning Mankell
9789044508765	Henning Mankell
9789044515824	Henning Mankell
9789044536782	Henning Mankell
9789044513356	Henning Mankell
9789044519280	Henning Mankell
9789462370050	Henning Mankell
9789044515879	Henning Mankell
9789044536843	Henning Mankell
9789044508758	Henning Mankell
9789044514223	Henning Mankell
9789044536775	Henning Mankell
9789044502947	Henning Mankell
9789044511222	Henning Mankell
9789044535419	Henning Mankell
9789044531008	Henning Mankell
9789044535716	Henning Mankell
9789044534832	Henning Mankell
9789041415493	Herman Koch
9789041415486	Herman Koch
9789041415950	Herman Koch
9789041416513	Herman Koch
9789041420060	Herman Koch
9789041424983	Herman Koch
9789041425669	Herman Koch
9789041420503	Herman Koch
9789049803568	Herman Koch
9789041413970	Herman Koch
9789041423238	Herman Koch
9789041420527	Herman Koch
9789041424266	Herman Koch
9789041425591	Herman Koch
9789026330728	Herman Koch
9789026334429	Herman Koch
9789041415608	Herman Koch
9789049803339	Herman Koch
9789041426413	Herman Koch
9789026332296	Herman Koch
9789049805111	Herman Koch
9789056723620	Hilary Mantel
9789056724757	Hilary Mantel
9789056725228	Hilary Mantel
9789044969672	Hilary Mantel
9789056724702	Hilary Mantel
9789056724535	Hilary Mantel
9789056724948	Hilary Mantel
9789056724795	Hilary Mantel
9789048824090	Hilary Mantel
9789044969979	Hilary Mantel
9789056724788	Hilary Mantel
9789048822447	Hilary Mantel
9789025447953	Hilary Mantel
9789056725365	Hilary Mantel
9789023479840	Hjorth Rosenfeldt
9789023486268	Hjorth Rosenfeldt
9789023457459	Hjorth Rosenfeldt
9789023474333	Hjorth Rosenfeldt
9789023498278	Hjorth Rosenfeldt
9789023470403	Hjorth Rosenfeldt
9789023478997	Hjorth Rosenfeldt
9789023498377	Hjorth Rosenfeldt
9789023447399	Hjorth Rosenfeldt
9789023491545	Hjorth Rosenfeldt
9789023498179	Hjorth Rosenfeldt
9789023463023	Hugo Claus
9789023477174	Hugo Claus
9789023454045	Hugo Claus
9789023463122	Hugo Claus
9789023492429	Hugo Claus
9789023428732	Hugo Claus
9789023479062	Hugo Claus
9789023428794	Hugo Claus
9789023429838	Hugo Claus
9789076168449	Ian McEwan
9789076168975	Ian McEwan
9789022320235	Ian McEwan
9789061697480	Ian McEwan
9789022325278	Ian McEwan
9789022323311	Ian McEwan
9789061698166	Ian McEwan
9789061699064	Ian McEwan
9789076174501	Ian McEwan
9789022324912	Ian McEwan
9789076168968	Ian McEwan
9789076174389	Ian McEwan
9789463360005	Ian McEwan
9789029567688	Ilja Leonard Pfeijffer
9789029573061	Ilja Leonard Pfeijffer
9789029587273	Ilja Leonard Pfeijffer
9789029589802	Ilja Leonard Pfeijffer
9789029538701	Ilja Leonard Pfeijffer
9789029579223	Ilja Leonard Pfeijffer
9789029576161	Ilja Leonard Pfeijffer
9789029571456	Ilja Leonard Pfeijffer
9789029566360	Ilja Leonard Pfeijffer
9789029506786	Ilja Leonard Pfeijffer
9789029506618	Ilja Leonard Pfeijffer
9789028424401	Isabel Allende
9789028425118	Isabel Allende
9789028419827	Isabel Allende
9789028425361	Isabel Allende
9789041707857	Isabel Allende
9789028426214	Isabel Allende
9789028425644	Isabel Allende
9789028426276	Isabel Allende
9789028422445	Isabel Allende
9789028425378	Isabel Allende
9789028418615	Isabel Allende
9789028424876	Isabel Allende
9789061698630	J. Bernlef
9789026319556	J. Bernlef
9789021447223	J. Bernlef
9789021439129	J. Bernlef
9789021438740	J. Bernlef
9789021439051	J. Bernlef
9789021441849	J. Bernlef
9789021447216	J. Bernlef
9789021446868	J. Bernlef
9789021447117	J. Bernlef
9789021433776	J. Bernlef
9789021459486	J. Bernlef
9789021456263	J. Bernlef
9789041711458	J. Bernlef
9789022568910	J.D. Robb
9789022569016	J.D. Robb
9789022576458	J.D. Robb
9789022569085	J.D. Robb
9789022569108	J.D. Robb
9789022569092	J.D. Robb
9789022572986	J.D. Robb
9789022572993	J.D. Robb
9789022573006	J.D. Robb
9789022575543	J.D. Robb
9789059360099	J.M. Coetzee
9789059363892	J.M. Coetzee
9789049803797	J.M. Coetzee
9789059363885	J.M. Coetzee
9789059365285	J.M. Coetzee
9789059363649	J.M. Coetzee
9789059360730	J.M. Coetzee
9789059363908	J.M. Coetzee
9789059360464	J.M. Coetzee
9789059361751	J.M. Coetzee
9789059362291	J.M. Coetzee
9789059363526	J.M. Coetzee
9789059364561	J.M. Coetzee
9789059360389	J.M. Coetzee
9789059364387	J.M. Coetzee
9789059361089	J.M. Coetzee
9789059363472	J.M. Coetzee
9789059365858	J.M. Coetzee
9789059366350	J.M. Coetzee
9789059366855	J.M. Coetzee
9789022564073	J.R.R. Tolkien
9789022566824	J.R.R. Tolkien
9789022567722	J.R.R. Tolkien
9789022571095	J.R.R. Tolkien
9789022575512	J.R.R. Tolkien
9789089541123	J.R.R. Tolkien
9789022566275	J.R.R. Tolkien
9789022572016	J.R.R. Tolkien
9789022575505	J.R.R. Tolkien
9789044337440	James Bowen
9789044349702	James Bowen
9789044351828	James Bowen
9789044351972	James Bowen
9789044342819	James Bowen
9789044342826	James Bowen
9789044351071	James Bowen
9789044345810	James Bowen
9789044345827	James Bowen
9789044350678	James Bowen
9789400502321	James Patterson
9789023458050	James Patterson
9789023475996	James Patterson
9789023450306	James Patterson
9789023462613	James Patterson
9789023472049	James Patterson
9789023485407	James Patterson
9789023491361	James Patterson
9789023457237	James Patterson
9789023470991	James Patterson
9789023476146	James Patterson
9789023456650	James Patterson
9789023467199	James Patterson
9789023478690	James Patterson
9789023491767	James Patterson
9789023488835	James Patterson
9789023492153	James Patterson
9789023487401	James Patterson
9789023484776	James Patterson
9789023491347	James Patterson
9789023491460	James Patterson
9789023490180	James Patterson
9789023496236	James Patterson
9789023494690	James Patterson
9789023498773	James Patterson
9789023443742	James Patterson
9789045022710	Jan Brokken
9789045027487	Jan Brokken
9789045025018	Jan Brokken
9789045023595	Jan Brokken
9789045028149	Jan Brokken
9789045023601	Jan Brokken
9789045048338	Jan Brokken
9789045016931	Jan Brokken
9789045023328	Jan Brokken
9789046704400	Jan Brokken
9789045025346	Jan Brokken
9789045030173	Jan Brokken
9789045033303	Jan Brokken
9789026326608	Jan Geurtz
9789026333385	Jan Geurtz
9789026322662	Jan Geurtz
9789026327360	Jan Geurtz
9789026318375	Jan Geurtz
9789026317200	Jan Geurtz
9789026322297	Jan Geurtz
9789026333392	Jan Geurtz
9789026327926	Jan Geurtz
9789026333378	Jan Geurtz
9789026332852	Jan Geurtz
9789026334641	Jan Geurtz
9789060059968	Jan Siebelink
9789023456513	Jan Siebelink
9789023425236	Jan Siebelink
9789023440659	Jan Siebelink
9789023456711	Jan Siebelink
9789023464228	Jan Siebelink
9789023479239	Jan Siebelink
9789023492566	Jan Siebelink
9789023496502	Jan Siebelink
9789023458234	Jan Siebelink
9789023459811	Jan Siebelink
9789023441144	Jan Siebelink
9789023441151	Jan Siebelink
9789023457923	Jan Siebelink
9789023467342	Jan Siebelink
9789023478164	Jan Siebelink
9789023485018	Jan Siebelink
9789023436485	Jan Siebelink
9789023454151	Jan Siebelink
9789023443919	Jan Siebelink
9789023495161	Jan Siebelink
9789023441724	Jan Siebelink
9789023462804	Jan Siebelink
9789400405523	Jan Siebelink
9789022994443	Jens Lapidus
9789400500761	Jens Lapidus
9789400502826	Jens Lapidus
9789400508118	Jens Lapidus
9789400503359	Jens Lapidus
9789400505162	Jens Lapidus
9789400506923	Jens Lapidus
9789022994450	Jens Lapidus
9789400502956	Jens Lapidus
9789400506930	Jens Lapidus
9789025444976	Jeroen Brouwers
9789025444990	Jeroen Brouwers
9789025445010	Jeroen Brouwers
9789045022376	Jeroen Brouwers
9789025445065	Jeroen Brouwers
9789045019628	Jeroen Brouwers
9789025445041	Jeroen Brouwers
9789025445058	Jeroen Brouwers
9789045000695	Jeroen Brouwers
9789025442057	Jeroen Brouwers
9789025442255	Jeroen Brouwers
9789025446062	Jeroen Brouwers
9789025445027	Jeroen Brouwers
9789045008431	Jeroen Brouwers
9789045025391	Jeroen Brouwers
9789049804855	Jess Walter
9789460681585	Jess Walter
9789460682322	Jess Walter
9789460683299	Jess Walter
9789460681813	Jess Walter
9789460682032	Jess Walter
9789460682292	Jess Walter
9789460682315	Jess Walter
9789460681837	Jess Walter
9789460682827	Jess Walter
9789460681820	Jess Walter
9789045201603	Jet van Vuuren
9789061125969	Jet van Vuuren
9789045201467	Jet van Vuuren
9789045207650	Jet van Vuuren
9789045204345	Jet van Vuuren
9789045205687	Jet van Vuuren
9789045209418	Jet van Vuuren
9789045211435	Jet van Vuuren
9789045208367	Jet van Vuuren
9789045211503	Jet van Vuuren
9789021012575	Jill Mansell
9789021016696	Jill Mansell
9789021018201	Jill Mansell
9789021017440	Jill Mansell
9789021808772	Jill Mansell
9789021016139	Jill Mansell
9789021807089	Jill Mansell
9789021006994	Jill Mansell
9789021016719	Jill Mansell
9789021018195	Jill Mansell
9789021018720	Jill Mansell
9789021808789	Jill Mansell
9789049803988	Jill Mansell
9789021016818	Jill Mansell
9789024567317	Jill Mansell
9789049804633	Jill Mansell
9789021019611	Jill Mansell
9789023464204	Jo Nesbo
9789023471455	Jo Nesbo
9789023478874	Jo Nesbo
9789023471417	Jo Nesbo
9789023460428	Jo Nesbo
9789023467120	Jo Nesbo
9789023460077	Jo Nesbo
9789023463535	Jo Nesbo
9789023440796	Jo Nesbo
9789023456100	Jo Nesbo
9789023457817	Jo Nesbo
9789023459156	Jo Nesbo
9789023467281	Jo Nesbo
9789023463207	Jo Nesbo
9789023481416	Jo Nesbo
9789023481973	Jo Nesbø
9789023478393	Jo Nesbø
9789023486558	Jo Nesbø
9789023490104	Jo Nesbø
9789023475484	Jo Nesbø
9789023475897	Jo Nesbø
9789023474234	Jo Nesbø
9789023474135	Jo Nesbø
9789023471714	Jo Nesbø
9789023479178	Jo Nesbø
9789023474241	Jo Nesbø
9789023479079	Jo Nesbø
9789023471516	Jo Nesbø
9789023488637	Jo Nesbø
9789023496335	Jo Nesbø
9789023493884	Jo Nesbø
9789023497882	Jo Nesbø
9789022560204	John Boyne
9789022564868	John Boyne
9789022568354	John Boyne
9789022578018	John Boyne
9789022565797	John Boyne
9789022576618	John Boyne
9789022570418	John Boyne
9789022575536	John Boyne
9789022568705	John Boyne
9789022577721	John Boyne
9789047706601	John Green
9789047706618	John Green
9789049802998	John Green
9789047701422	John Green
9789047703822	John Green
9789047705826	John Green
9789047707370	John Green
9789047702108	John Green
9789047703747	John Green
9789049804565	John Green
9789056377106	John Green
9789047703754	John Green
9789056378974	John Green
9789047703969	John Green
9789022995648	John Grisham
9789400505070	John Grisham
9789400503557	John Grisham
9789400503564	John Grisham
9789400505803	John Grisham
9789022994399	John Grisham
9789046114131	John Grisham
9789400503571	John Grisham
9789022993941	John Grisham
9789046114278	John Grisham
9789022998939	John Grisham
9789400500877	John Grisham
9789400500884	John Grisham
9789400503397	John Grisham
9789400506039	John Grisham
9789046113646	John Grisham
9789046113998	John Grisham
9789046113608	John Grisham
9789400501447	John Grisham
9789400501454	John Grisham
9789022995822	John Grisham
9789022998953	John Grisham
9789022998960	John Grisham
9789400500709	John Grisham
9789400503908	John Grisham
9789022996904	John Grisham
9789022997352	John Grisham
9789022995587	John Grisham
9789022991725	John Grisham
9789400503588	John Grisham
9789400506336	John Grisham
9789400506343	John Grisham
9789023462675	John Irving
9789023450603	John Irving
9789023450979	John Irving
9789023467786	John Irving
9789023469995	John Irving
9789023477020	John Irving
9789023464327	John Irving
9789023429258	John Irving
9789023494171	John Irving
9789023497769	John Irving
9789023497868	John Irving
9789048815937	John van den Heuvel
9789048820085	John van den Heuvel
9789048829880	John van den Heuvel
9789048829897	John van den Heuvel
9789085107866	John van den Heuvel
9789048826797	John van den Heuvel
9789048826803	John van den Heuvel
9789048826919	John van den Heuvel
9789048828647	John van den Heuvel
9789085109198	John van den Heuvel
9789048826285	John van den Heuvel
9789048826292	John van den Heuvel
9789085103967	John van den Heuvel
9789048836345	John van den Heuvel
9789048836352	John van den Heuvel
9789048813834	John Williams
9789048818723	John Williams
9789048829088	John Williams
9789049802790	John Williams
9789049805012	John Williams
9789048816743	John Williams
9789048831968	John Williams
9789049803292	John Williams
9789047617440	John Williams
9789048820603	John Williams
9789049803513	John Williams
9789048827466	John Williams
9789048827473	John Williams
9789048827480	John Williams
9789026138027	Jojo Moyes
9789032512651	Jojo Moyes
9789026138065	Jojo Moyes
9789026141461	Jojo Moyes
9789032513825	Jojo Moyes
9789032514853	Jojo Moyes
9789026138577	Jojo Moyes
9789032514716	Jojo Moyes
9789026138829	Jojo Moyes
9789026137587	Jojo Moyes
9789026142376	Jojo Moyes
9789026139550	Jojo Moyes
9789026141386	Jojo Moyes
9789044620412	Jonathan Franzen
9789044623789	Jonathan Franzen
9789044610628	Jonathan Franzen
9789044625301	Jonathan Franzen
9789044621167	Jonathan Franzen
9789044623574	Jonathan Franzen
9789044624410	Jonathan Franzen
9789044625158	Jonathan Franzen
9789044629026	Jonathan Franzen
9789041408969	Jonathan Safran Foer
9789041411273	Jonathan Safran Foer
9789041419736	Jonathan Safran Foer
9789026321672	Jonathan Safran Foer
9789026322730	Jonathan Safran Foer
9789026324635	Jonathan Safran Foer
9789026336287	Jonathan Safran Foer
9789026333804	Jonathan Safran Foer
9789041411624	Jonathan Safran Foer
9789041412522	Jonathan Safran Foer
9789041414977	Jonathan Safran Foer
9789041420510	Jonathan Safran Foer
9789049800192	Jonathan Safran Foer
9789076341552	Jonathan Safran Foer
9789026335662	Jonathan Safran Foer
9789041422873	Jonathan Safran Foer
9789049805029	Jonathan Safran Foer
9789029506335	Joost Zwagerman
9789029506724	Joost Zwagerman
9789029506885	Joost Zwagerman
9789029588560	Joost Zwagerman
9789029506182	Joost Zwagerman
9789029572354	Joost Zwagerman
9789029588591	Joost Zwagerman
9789029506274	Joost Zwagerman
9789029572378	Joost Zwagerman
9789029572712	Joost Zwagerman
9789029588577	Joost Zwagerman
9789029506748	Joost Zwagerman
9789029575362	Joost Zwagerman
9789029506892	Joost Zwagerman
9789029583909	Joost Zwagerman
9789029589888	Joost Zwagerman
9789029567763	Joost Zwagerman
9789029572361	Joost Zwagerman
9789029572729	Joost Zwagerman
9789029588584	Joost Zwagerman
9789045022680	Joseph Roth
9789045041339	Joseph Roth
9789020414011	Joseph Roth
9789045020105	Joseph Roth
9789020414387	Joseph Roth
9789045020464	Joseph Roth
9789020414028	Joseph Roth
9789045015378	Joseph Roth
9789020413908	Joseph Roth
9789045010717	Joseph Roth
9789020414059	Joseph Roth
9789020414066	Joseph Roth
9789059373693	Joseph Roth
9789059374096	Joseph Roth
9789020415179	Joseph Roth
9789059374614	Joseph Roth
9789025443764	Julian Barnes
9789046704011	Julian Barnes
9789045022673	Julian Barnes
9789045021911	Julian Barnes
9789046704516	Julian Barnes
9789025441388	Julian Barnes
9789045019314	Julian Barnes
9789046703472	Julian Barnes
9789046704493	Julian Barnes
9789045025322	Julian Barnes
9789045028958	Julian Barnes
9789025446611	Julian Barnes
9789025448752	Julian Barnes
9789044622676	Jussi Adler-Olsen
9789044626186	Jussi Adler-Olsen
9789044631401	Jussi Adler-Olsen
9789044622683	Jussi Adler-Olsen
9789044622690	Jussi Adler-Olsen
9789044621143	Jussi Adler-Olsen
9789044629927	Jussi Adler-Olsen
9789044622706	Jussi Adler-Olsen
9789044618198	Jussi Adler-Olsen
9789044621310	Jussi Adler-Olsen
9789044621327	Jussi Adler-Olsen
9789044628210	Jussi Adler-Olsen
9789044516418	Kader Abdolah
9789462370425	Kader Abdolah
9789044516425	Kader Abdolah
9789044518726	Kader Abdolah
9789044511680	Kader Abdolah
9789044517118	Kader Abdolah
9789044524536	Kader Abdolah
9789044514346	Kader Abdolah
9789044514063	Kader Abdolah
9789044529074	Kader Abdolah
9789462370715	Kader Abdolah
9789044520255	Kader Abdolah
9789044510928	Kader Abdolah
9789044511871	Kader Abdolah
9789044514056	Kader Abdolah
9789044518733	Kader Abdolah
9789044529081	Kader Abdolah
9789462370517	Kader Abdolah
9789044520309	Kader Abdolah
9789044625820	Kader Abdolah
9789044629675	Kader Abdolah
9789026133992	Karen Rose
9789026132421	Karen Rose
9789026133893	Karen Rose
9789026139086	Karen Rose
9789026127472	Karen Rose
9789026132575	Karen Rose
9789026125263	Karen Rose
9789026134470	Karen Rose
9789026124983	Karen Rose
9789026127229	Karen Rose
9789026137297	Karen Rose
9789026133374	Karen Rose
9789026137556	Karen Rose
9789026137327	Karen Rose
9789026136290	Karen Rose
9789026140921	Karen Rose
9789026136955	Karen Rose
9789026138539	Karen Rose
9789026139635	Karen Rose
9789026139666	Karen Rose
9789023479796	Karin Slaughter
9789023482581	Karin Slaughter
9789023492481	Karin Slaughter
9789023495390	Karin Slaughter
9789023462514	Karin Slaughter
9789023462545	Karin Slaughter
9789023464907	Karin Slaughter
9789023487449	Karin Slaughter
9789023458708	Karin Slaughter
9789023458852	Karin Slaughter
9789023471851	Karin Slaughter
9789023474371	Karin Slaughter
9789049804893	Karin Slaughter
9789023412984	Karin Slaughter
9789023412984	Karin Slaughter
9789023462743	Karin Slaughter
9789023464808	Karin Slaughter
9789023488231	Karin Slaughter
9789023464501	Karin Slaughter
9789023467489	Karin Slaughter
9789023476658	Karin Slaughter
9789023495093	Karin Slaughter
9789023475750	Karin Slaughter
9789023479642	Karin Slaughter
9789023495192	Karin Slaughter
9789023487241	Karin Slaughter
9789023491842	Karin Slaughter
9789023495291	Karin Slaughter
9789023491095	Karin Slaughter
9789023494218	Karin Slaughter
9789023496601	Karin Slaughter
9789023426103	Karin Slaughter
9789023440680	Karin Slaughter
9789023460060	Karin Slaughter
9789023467588	Karin Slaughter
9789049802905	Karin Slaughter
9789023440710	Karin Slaughter
9789023459453	Karin Slaughter
9789023475859	Karin Slaughter
9789023440703	Karin Slaughter
9789023472216	Karin Slaughter
9789023475958	Karin Slaughter
9789023440697	Karin Slaughter
9789023471943	Karin Slaughter
9789023474272	Karin Slaughter
9789023428121	Karin Slaughter
9789023440727	Karin Slaughter
9789023464709	Karin Slaughter
9789023475132	Karin Slaughter
9789023467687	Karin Slaughter
9789023428114	Karin Slaughter
9789023464600	Karin Slaughter
9789044517194	Karl Ove Knausgard
9789044529128	Karl Ove Knausgard
9789044513585	Karl Ove Knausgard
9789044532937	Karl Ove Knausgard
9789044522044	Karl Ove Knausgard
9789044529135	Karl Ove Knausgard
9789044524994	Karl Ove Knausgard
9789044534085	Karl Ove Knausgard
9789044536867	Karl Ove Knausgård
9789044532272	Karl Ove Knausgård
9789044535457	Karl Ove Knausgård
9789022575178	Ken Follett
9789047511540	Ken Follett
9789022571491	Ken Follett
9789022575109	Ken Follett
9789022576656	Ken Follett
9789000315468	Ken Follett
9789022576632	Ken Follett
9789047514749	Ken Follett
9789000322527	Ken Follett
9789022571545	Ken Follett
9789047514923	Ken Follett
9789022575185	Ken Follett
9789047511557	Ken Follett
9789023476603	Khaled Hosseini
9789023481867	Khaled Hosseini
9789023489900	Khaled Hosseini
9789023491118	Khaled Hosseini
9789023499367	Khaled Hosseini
9789023426066	Khaled Hosseini
9789023450627	Khaled Hosseini
9789023463184	Khaled Hosseini
9789023464143	Khaled Hosseini
9789023477426	Khaled Hosseini
9789023477990	Khaled Hosseini
9789023455530	Khaled Hosseini
9789023464044	Khaled Hosseini
9789023477327	Khaled Hosseini
9789054923404	Khaled Hosseini
9789023469056	Lars Kepler
9789023475699	lars Kepler
9789023487029	Lars Kepler
9789023477358	Lars Kepler
9789023485278	Lars Kepler
9789023457534	Lars Kepler
9789023474432	lars Kepler
9789023486923	Lars Kepler
9789023459057	lars Kepler
9789023471950	Lars Kepler
9789023477457	Lars Kepler
9789023486824	Lars Kepler
9789023488804	Lars Kepler
9789023496809	Lars Kepler
9789023495338	Lars Kepler
9789023425984	Lars Kepler
9789089681430	Lee Child
9789021015538	Lee Child
9789024558766	Lee Child
9789021016269	Lee Child
9789021018652	Lee Child
9789024561902	Lee Child
9789047614906	Lee Child
9789024560851	Lee Child
9789049803704	Lee Child
9789021006079	Lee Child
9789021015750	Lee Child
9789024532940	Lee Child
9789024528448	Lee Child
9789024568970	Lee Child
9789021018102	Lee Child
9789024530229	Lee Child
9789024564224	Lee Child
9789024576050	Lee Child
9789024528424	Lee Child
9789024568963	Lee Child
9789021018263	Lee Child
9789024532353	Lee Child
9789021018287	Lee Child
9789021045030	Lee Child
9789024546503	Lee Child
9789021011295	Lee Child
9789021018119	Lee Child
9789021018126	Lee Child
9789024528417	Lee Child
9789024568949	Lee Child
9789021018270	Lee Child
9789024522293	Lee Child
9789021017563	Lee Child
9789024565481	Lee Child
9789021014418	Lee Child
9789021018317	Lee Child
9789024562404	Lee Child
9789049804312	Lee Child
9789024528431	Lee Child
9789024568956	Lee Child
9789021015767	Lee Child
9789024530236	Lee Child
9789021045528	Lee Child
9789024568932	Lee Child
9789021018461	Lee Child
9789024568864	Lee Child
9789024573141	Lee Child
9789023457008	Leon de Winter
9789023454823	Leon de Winter
9789023428619	Leon de Winter
9789023428602	Leon de Winter
9789023487418	Leon de Winter
9789062654048	Leon de Winter
9789023478539	Leon de Winter
9789023478126	Leon de Winter
9789023488453	Leon de Winter
9789023493860	Leon de Winter
9789023495598	Leon de Winter
9789461091826	Linda Jansma
9789461091710	Linda Jansma
9789461091055	Linda Jansma
9789461092588	Linda Jansma
9789461091345	Linda Jansma
9789461091741	Linda Jansma
9789461091192	Linda Jansma
9789461091765	Linda Jansma
9789461091291	Linda Jansma
9789461091352	Linda Jansma
9789461091635	Linda Jansma
9789461092700	Linda Jansma
9789460682186	Linda van Rijn
9789460682773	Linda van Rijn
9789460680434	Linda van Rijn
9789460680977	Linda van Rijn
9789460681592	Linda van Rijn
9789460680854	Linda van Rijn
9789460681578	Linda van Rijn
9789460680779	Linda van Rijn
9789460681387	Linda van Rijn
9789460683282	Linda van Rijn
9789460681516	Linda van Rijn
9789460682742	Linda van Rijn
9789460681677	Linda van Rijn
9789460682384	Linda van Rijn
9789460683329	Linda van Rijn
9789460681042	Linda van Rijn
9789460681233	Linda van Rijn
9789460681783	Linda van Rijn
9789460682391	Linda van Rijn
9789460681530	Linda van Rijn
9789086961719	Linda van Rijn
9789460680755	Linda van Rijn
9789460682353	Linda van Rijn
9789460683169	Linda van Rijn
9789460682674	Linda van Rijn
9789460683534	Linda van Rijn
9789460683527	Linda van Rijn
9789045204734	Loes den Hollander
9789061126195	Loes den Hollander
9789061122166	Loes den Hollander
9789061124771	Loes den Hollander
9789061124399	Loes den Hollander
9789061127703	Loes den Hollander
9789045204932	Loes den Hollander
9789061122296	Loes den Hollander
9789061122579	Loes den Hollander
9789045207018	Loes den Hollander
9789045201887	Loes den Hollander
9789045206097	Loes den Hollander
9789045201061	Loes den Hollander
9789045204246	Loes den Hollander
9789061121169	Loes den Hollander
9789061124887	Loes den Hollander
9789061124870	Loes den Hollander
9789061126867	Loes den Hollander
9789045204987	Loes den Hollander
9789045203348	Loes den Hollander
9789061125983	Loes den Hollander
9789061126294	Loes den Hollander
9789045206608	Loes den Hollander
9789045211534	Loes den Hollander
9789045209456	Loes den Hollander
9789045210292	Loes den Hollander
9789020413700	Louis Couperus
9789025301064	Louis Couperus
9789461538673	Louis Couperus
9789491159206	Louis Couperus
9789491618376	Louis Couperus
9789491982217	Louis Couperus
9789020413748	Louis Couperus
9789077858097	Louis Couperus
9789086962068	Louis Couperus
9789491982057	Louis Couperus
9789491982224	Louis Couperus
9789025300890	Louis Couperus
9789491618307	Louis Couperus
9789491982163	Louis Couperus
9789000322961	Louise Hay
9789000344666	Louise Hay
9789000338757	Louise Hay
9789000346660	Louise Hay
9789020213652	Louise Hay
9789072455048	Louise Hay
9789072455314	Louise Hay
9789072455376	Louise Hay
9789072455666	Louise Hay
9789076541921	Louise Hay
9789020213393	Louise Hay
9789072455208	Louise Hay
9789000351985	Louise Hay
9789060058725	Luca Caioli
9789400400528	Luca Caioli
9789400401365	Luca Caioli
9789400404519	Luca Caioli
9789400400559	Luca Caioli
9789400401464	Luca Caioli
9789400404618	Luca Caioli
9789400403208	Luca Caioli
9789400402799	Luca Caioli
9789461091833	Marelle Boersma
9789461091895	Marelle Boersma
9789461090652	Marelle Boersma
9789461091789	Marelle Boersma
9789461091307	Marelle Boersma
9789461091185	Marelle Boersma
9789461091543	Marelle Boersma
9789461092359	Marelle Boersma
9789461093110	Marelle Boersma
9789461091734	Marelle Boersma
9789461092069	Marelle Boersma
9789021449951	Marente de Moor
9789021449968	Marente de Moor
9789021438429	Marente de Moor
9789021440293	Marente de Moor
9789021442693	Marente de Moor
9789021443218	Marente de Moor
9789021458380	Marente de Moor
9789021458878	Marente de Moor
9789021402857	Marente de Moor
9789023478669	Margriet de Moor
9789023481645	Margriet de Moor
9789023488019	Margriet de Moor
9789023459637	Margriet de Moor
9789023458036	Margriet de Moor
9789023457091	Margriet de Moor
9789023465317	Margriet de Moor
9789023477235	Margriet de Moor
9789025426583	Margriet de Moor
9789025426798	Margriet de Moor
9789025408886	Margriet de Moor
9789025426590	Margriet de Moor
9789023459095	Margriet de Moor
9789023464846	Margriet de Moor
9789023466130	Margriet de Moor
9789025427382	Margriet de Moor
9789023498308	Margriet de Moor
9789460683336	Mariette Middelbeek
9789460680762	Mariette Middelbeek
9789460682780	Mariette Middelbeek
9789460680250	Mariette Middelbeek
9789460682636	Mariëtte Middelbeek
9789460681431	Mariette Middelbeek
9789460682568	Mariette Middelbeek
9789460680496	Mariette Middelbeek
9789460681264	Mariette Middelbeek
9789460682575	Mariette Middelbeek
9789460680502	Mariette Middelbeek
9789460682643	Mariette Middelbeek
9789460681752	Mariëtte Middelbeek
9789460682797	Mariëtte Middelbeek
9789460683244	Mariëtte Middelbeek
9789023994862	Marilynne Robinson
9789023996835	Marilynne Robinson
9789029510172	Marilynne Robinson
9789029538749	Marilynne Robinson
9789029510165	Marilynne Robinson
9789029539586	Marilynne Robinson
9789023996842	Marilynne Robinson
9789029510158	Marilynne Robinson
9789029539593	Marilynne Robinson
9789023971061	Marilynne Robinson
9789041422132	Marion Pauw
9789041423214	Marion Pauw
9789026330421	Marion Pauw
9789041420541	Marion Pauw
9789026330452	Marion Pauw
9789026330445	Marion Pauw
9789041414304	Marion Pauw
9789041416094	Marion Pauw
9789026330438	Marion Pauw
9789041415028	Marion Pauw
9789041415196	Marion Pauw
9789041420992	Marion Pauw
9789041423702	Marion Pauw
9789026330469	Marion Pauw
9789041424860	Marion Pauw
9789049803506	Marion Pauw
9789026331527	Marion Pauw
9789026335570	Marion Pauw
9789049804213	Marion Pauw
9789026337079	Marion Pauw
9789024571932	Markus Heitz
9789024571260	Markus Heitz
9789024569496	Markus Heitz
9789024527823	Markus Heitz
9789024571253	Markus Heitz
9789024562831	Markus Heitz
9789024558544	Markus Heitz
9789024529186	Markus Heitz
9789024561964	Markus Heitz
9789024571246	Markus Heitz
9789024565207	Markus Heitz
9789024571284	Markus Heitz
9789024571291	Markus Heitz
9789024569526	Markus Heitz
9789024571956	Markus Heitz
9789024569502	Markus Heitz
9789024571307	Markus Heitz
9789024571949	Markus Heitz
9789024569519	Markus Heitz
9789024568161	Markus Heitz
9789024568208	Markus Heitz
9789401606264	Mary Higgins Clark
9789021014869	Mary Higgins Clark
9789021802367	Mary Higgins Clark
9789401603256	Mary Higgins Clark
9789401602396	Mary Higgins Clark
9789401605601	Mary Higgins Clark
9789401603027	Mary Higgins Clark
9789401602570	Mary Higgins Clark
9789401604031	Mary Higgins Clark
9789401603331	Mary Higgins Clark
9789401603478	Mary Higgins Clark
9789022569542	Maya Banks
9789022569559	Maya Banks
9789022571736	Maya Banks
9789022572344	Maya Banks
9789022572337	Maya Banks
9789022574775	Maya Banks
9789022574782	Maya Banks
9789022574799	Maya Banks
9789022571743	Maya Banks
9789044339314	Michael Berg
9789044348101	Michael Berg
9789044342284	Michael Berg
9789044348361	Michael Berg
9789044326383	Michael Berg
9789044343304	Michael Berg
9789044348378	Michael Berg
9789044330335	Michael Berg
9789044351552	Michael Berg
9789044348842	Michael Berg
9789044343106	Michael Berg
9789044348354	Michael Berg
9789044346237	Michael Berg
9789044346244	Michael Berg
9789022565001	Michael Connelly
9789022552018	Michael Connelly
9789022549889	Michael Connelly
9789022552186	Michael Connelly
9789022558805	Michael Connelly
9789022564028	Michael Connelly
9789022552032	Michael Connelly
9789022561355	Michael Connelly
9789022566947	Michael Connelly
9789022575659	Michael Connelly
9789022576977	Michael Connelly
9789023474876	Michael Robotham
9789023486350	Michael Robotham
9789023485100	Michael Robotham
9789023457374	Michael Robotham
9789023470090	Michael Robotham
9789023419990	Michael Robotham
9789023461098	Michael Robotham
9789023463504	Michael Robotham
9789023491446	Michael Robotham
9789023498001	Michael Robotham
9789023475330	Michael Robotham
9789023499695	Michael Robotham
9789029575157	Michel Houellebecq
9789029575164	Michel Houellebecq
9789029575171	Michel Houellebecq
9789029584913	Michel Houellebecq
9789029575478	Michel Houellebecq
9789029565752	Michel Houellebecq
9789029575485	Michel Houellebecq
9789029575188	Michel Houellebecq
9789029511216	Michel Houellebecq
9789029538619	Michel Houellebecq
9789029538626	Michel Houellebecq
9789029539548	Michel Houellebecq
9789021015491	Mo Hayder
9789024560608	Mo Hayder
9789021018133	Mo Hayder
9789024538195	Mo Hayder
9789024563432	Mo Hayder
9789021014586	Mo Hayder
9789024528141	Mo Hayder
9789024560752	Mo Hayder
9789041712028	Mo Hayder
9789021016245	Mo Hayder
9789024564866	Mo Hayder
9789047202257	Monika Peetz
9789047202899	Monika Peetz
9789047203919	Monika Peetz
9789047204367	Monika Peetz
9789026332173	Monika Peetz
9789047204312	Monika Peetz
9789047203223	Monika Peetz
9789047204633	Monika Peetz
9789049803698	Monika Peetz
9789021449999	Nele Neuhaus
9789021456744	Nele Neuhaus
9789021441405	Nele Neuhaus
9789021443249	Nele Neuhaus
9789021449661	Nele Neuhaus
9789021454801	Nele Neuhaus
9789021458472	Nele Neuhaus
9789021401720	Nele Neuhaus
9789021402086	Nele Neuhaus
9789025442507	Nelleke Noordervliet
9789045705507	Nelleke Noordervliet
9789045705538	Nelleke Noordervliet
9789045704159	Nelleke Noordervliet
9789025440640	Nelleke Noordervliet
9789045700632	Nelleke Noordervliet
9789025440657	Nelleke Noordervliet
9789047100812	Nelleke Noordervliet
9789045701448	Nelleke Noordervliet
9789045702780	Nelleke Noordervliet
9789046704523	Nelleke Noordervliet
9789045701905	Nelleke Noordervliet
9789047100713	Nelleke Noordervliet
9789045700014	Nelleke Noordervliet
9789046700204	Nelleke Noordervliet
9789046704776	Nelleke Noordervliet
9789029071864	Nelleke Noordervliet
9789025442859	Nelleke Noordervliet
9789025442866	Nelleke Noordervliet
9789025448691	Nelleke Noordervliet
9789047622161	Nelleke Noordervliet
9789047622161	Nelleke Noordervliet
9789041412621	Nicci French
9789041424174	Nicci French
9789041420565	Nicci French
9789041421081	Nicci French
9789041425829	Nicci French
9789049802189	Nicci French
9789041412652	Nicci French
9789041421609	Nicci French
9789049804237	Nicci French
9789041412645	Nicci French
9789041412669	Nicci French
9789041424389	Nicci French
9789049805135	Nicci French
9789041411594	Nicci French
9789041412607	Nicci French
9789041424372	Nicci French
9789041412614	Nicci French
9789041421616	Nicci French
9789026335556	Nicci French
9789041414632	Nicci French
9789041415509	Nicci French
9789041416100	Nicci French
9789049803674	Nicci French
9789026331824	Nicci French
9789041412676	Nicci French
9789041426437	Nicci French
9789041422637	Nicci French
9789026328466	Nicci French
9789026328855	Nicci French
9789026333866	Nicci French
9789041416315	Nicci French
9789041423252	Nicci French
9789049802745	Nicci French
9789026331817	Nicci French
9789041415158	Nicci French
9789041415516	Nicci French
9789026330742	Nicci French
9789041416308	Nicci French
9789041420534	Nicci French
9789041424013	Nicci French
9789041424365	Nicci French
9789026330414	Nicci French
9789041416322	Nicci French
9789041425515	Nicci French
9789049803353	Nicci French
9789041412683	Nicci French
9789041426444	Nicci French
9789026330698	Nicci French
9789026330704	Nicci French
9789026335549	Nicci French
9789049803865	Nicci French
9789462530904	Nicci French
9789026328442	Nicci French
9789026333859	Nicci French
9789049804541	Nicci French
9789026336317	Nicci French
9789048800452	Niccolò Ammaniti
9789048814718	Niccolò Ammaniti
9789048811168	Niccolò Ammaniti
9789048817825	Niccolò Ammaniti
9789048801305	Niccolò Ammaniti
9789048805433	Niccolò Ammaniti
9789048805877	Niccolò Ammaniti
9789048805877	Niccolo Ammaniti
9789048814701	Niccolò Ammaniti
9789048830824	Niccolò Ammaniti
9789048833276	Niccolo Ammaniti
9789048833276	Niccolò Ammaniti
9789028421776	Niccolò Ammaniti
9789048814725	Niccolò Ammaniti
9789048833061	Niccolò Ammaniti
9789048811175	Niccolò Ammaniti
9789048815869	Niccolò Ammaniti
9789048804597	Niccolò Ammaniti
9789048828418	Niccolò Ammaniti
9789048828425	Niccolò Ammaniti
9789048815784	Niccolò Ammaniti
9789025442781	Nico Dijkshoorn
9789046705049	Nico Dijkshoorn
9789046807217	Nico Dijkshoorn
9789046811177	Nico Dijkshoorn
9789046812587	Nico Dijkshoorn
9789025444617	Nico Dijkshoorn
9789025440497	Nico Dijkshoorn
9789025441210	Nico Dijkshoorn
9789025442903	Nico Dijkshoorn
9789045029498	Nico Dijkshoorn
9789067971157	Nico Dijkshoorn
9789067971249	Nico Dijkshoorn
9789022564998	Nora Roberts
9789022573303	Nora Roberts
9789022578742	Nora Roberts
9789022573334	Nora Roberts
9789022559833	Nora Roberts
9789022573358	Nora Roberts
9789049803926	Nora Roberts
9789022559840	Nora Roberts
9789022573327	Nora Roberts
9789022562895	Nora Roberts
9789022575246	Nora Roberts
9789022573310	Nora Roberts
9789022559772	Nora Roberts
9789022568934	Nora Roberts
9789022573365	Nora Roberts
9789022569504	Nora Roberts
9789022568736	Nora Roberts
9789022569917	Nora Roberts
9789022572054	Nora Roberts
9789022569511	Nora Roberts
9789022570708	Nora Roberts
9789022573945	Nora Roberts
9789022569931	Nora Roberts
9789022573952	Nora Roberts
9789022576366	Nora Roberts
9789020412857	Oek de Jong
9789025440930	Oek de Jong
9789025443733	Oek de Jong
9789020413373	Oek de Jong
9789029072441	Oek de Jong
9789046705834	Oek de Jong
9789045705439	Oek de Jong
9789045032092	Oek de Jong
9789045702797	Oek de Jong
9789045702964	Oek de Jong
9789046702925	Oek de Jong
9789046705032	Oek de Jong
9789045702827	Oek de Jong
9789029072229	Oek de Jong
9789029042703	Oek de Jong
9789029048033	Oek de Jong
9789025442132	Oek de Jong
9789025445263	Oek de Jong
9789025449315	Oek de Jong
9789020413458	P.F. Thomése
9789020413656	P.F. Thomése
9789025435424	P.F. Thomése
9789025435431	P.F. Thomése
9789025446628	P.F. Thomése
9789025431433	P.F. Thomese
9789025431457	P.F. Thomese
9789025446802	P.F. Thomése
9789025446642	P.F. Thomése
9789046703557	P.F. Thomése
9789025426842	P.F. Thomese
9789025445201	P.F. Thomése
9789025422950	P.F. Thomese
9789025424572	P.F. Thomese
9789025429805	P.F. Thomése
9789046704608	P.F. Thomése
9789025426170	P.F. Thomése
9789025422684	P.F. Thomese
9789025427061	P.F. Thomése
9789025446635	P.F. Thomése
9789025420604	P.F. Thomése
9789046705841	P.F. Thomése
9789025419981	P.F. Thomése
9789025444310	P.F. Thomése
9789049804381	P.F. Thomése
9789025447779	P.F. Thomése
9789021014838	Patricia Cornwell
9789021014722	Patricia Cornwell
9789021801254	Patricia Cornwell
9789021805009	Patricia Cornwell
9789021801247	Patricia Cornwell
9789021808444	Patricia Cornwell
9789021805849	Patricia Cornwell
9789021014593	Patricia Cornwell
9789021810065	Patricia Cornwell
9789021809588	Patricia Cornwell
9789021805863	Patricia Cornwell
9789024566983	Patricia Cornwell
9789021807317	Patricia Cornwell
9789024567003	Patricia Cornwell
9789024574742	Patricia Cornwell
9789044350036	Patricia Snel
9789048820139	Patricia Snel
9789048826483	Patricia Snel
9789048826490	Patricia Snel
9789049803278	Patricia Snel
9789049954093	Patricia Snel
9789044348095	Patricia Snel
9789048818853	Patricia Snel
9789044347951	Patricia Snel
9789021446714	Patrick Modiano
9789021458076	Patrick Modiano
9789021458298	Patrick Modiano
9789021458205	Patrick Modiano
9789021458274	Patrick Modiano
9789021458182	Patrick Modiano
9789021458144	Patrick Modiano
9789021458236	Patrick Modiano
9789029090681	Patrick Modiano
9789029090711	Patrick Modiano
9789029090674	Patrick Modiano
9789021458250	Patrick Modiano
9789021458168	Patrick Modiano
9789021459240	Patrick Modiano
9789021459219	Patrick Modiano
9789021403212	Patrick Modiano
9789021458021	Patrick Modiano
9789021400181	Patrick Modiano
9789021400631	Patrick Modiano
9789021401386	Patrick Modiano
9789059363649	Paul Auster
9789029571623	Paul Auster
9789029574990	Paul Auster
9789029584838	Paul Auster
9789029587792	Paul Auster
9789029566612	Paul Auster
9789029573504	Paul Auster
9789029565189	Paul Auster
9789023493679	Paul Auster
9789023487692	Paul Auster
9789023487791	Paul Auster
9789029505031	Paulo Coelho
9789029509657	Paulo Coelho
9789029572903	Paulo Coelho
9789029586665	Paulo Coelho
9789029588607	Paulo Coelho
9789029566278	Paulo Coelho
9789029571715	Paulo Coelho
9789029511230	Paulo Coelho
9789029567473	Paulo Coelho
9789029565141	Paulo Coelho
9789029575959	Paulo Coelho
9789041331663	Paulo Coelho
9789029575928	Paulo Coelho
9789029575935	Paulo Coelho
9789029584869	Paulo Coelho
9789029566155	Paulo Coelho
9789029583251	Paulo Coelho
9789029585033	Paulo Coelho
9789029572910	Paulo Coelho
9789029579261	Paulo Coelho
9789029579254	Paulo Coelho
9789029506175	Paulo Coelho
9789029575065	Paulo Coelho
9789029589499	Paulo Coelho
9789029573412	Paulo Coelho
9789029589482	Paulo Coelho
9789029579315	Paulo Coelho
9789029573887	Paulo Coelho
9789029510189	Paulo Coelho
9789029567466	Paulo Coelho
9789029573894	Paulo Coelho
9789029586436	Paulo Coelho
9789029588638	Paulo Coelho
9789029505000	Paulo Coelho
9789029589697	Paulo Coelho
9789029511346	Paulo Coelho
9789026318955	Per Olov Enquist
9789026318825	Per Olov Enquist
9789026319709	Per Olov Enquist
9789041414168	Per Olov Enquist
9789026318382	Per Olov Enquist
9789041422576	Per Olov Enquist
9789026319556	Per Olov Enquist
9789026317569	Per Olov Enquist
9789041424211	Per Olov Enquist
9789044514612	Per Petterson
9789462370913	Per Petterson
9789044500738	Per Petterson
9789044516609	Per Petterson
9789462371422	Per Petterson
9789462370388	Per Petterson
9789044526431	Per Petterson
9789044534870	Per Petterson
9789044534283	Per Petterson
9789026139062	Peter James
9789026123757	Peter James
9789026128196	Peter James
9789026138010	Peter James
9789026123139	Peter James
9789026127236	Peter James
9789026142369	Peter James
9789026132957	Peter James
9789026139093	Peter James
9789026136405	Peter James
9789026137105	Peter James
9789026140402	Peter James
9789401601931	Pierre Lemaitre
9789401604116	Pierre Lemaitre
9789401604253	Pierre Lemaitre
9789401603096	Pierre Lemaitre
9789401603775	Pierre Lemaitre
9789401602556	Pierre Lemaitre
9789401603638	Pierre Lemaitre
9789401605045	Pierre Lemaitre
9789401606097	Pierre Lemaitre
9789045200903	Rachel Gibson
9789045204529	Rachel Gibson
9789061127963	Rachel Gibson
9789045204482	Rachel Gibson
9789045204024	Rachel Gibson
9789045204628	Rachel Gibson
9789045205359	Rachel Gibson
9789045205809	Rachel Gibson
9789045211213	Rachel Gibson
9789045211480	Rachel Gibson
9789023484103	Remco Campert
9789023422082	Remco Campert
9789023441472	Remco Campert
9789023457596	Remco Campert
9789023463429	Remco Campert
9789023457626	Remco Campert
9789023468882	Remco Campert
9789023473886	Remco Campert
9789023486466	Remco Campert
9789023463528	Remco Campert
9789023492221	Remco Campert
9789023486213	Remco Campert
9789023490098	Remco Campert
9789023499039	Remco Campert
9789023428831	Remco Campert
9789023427544	Remco Campert
9789023498506	Remco Campert
9789057596230	Renate Dorrestein
9789057595622	Renate Dorrestein
9789057594601	Renate Dorrestein
9789057595530	Renate Dorrestein
9789490647148	Renate Dorrestein
9789086961702	Renate Dorrestein
9789462371118	Renate Dorrestein
9789462371200	Renate Dorrestein
9789490647100	Renate Dorrestein
9789462371408	Renate Dorrestein
9789490647117	Renate Dorrestein
9789490647124	Renate Dorrestein
9789047618867	Renate Dorrestein
9789049804879	Renate Dorrestein
9789057597121	Renate Dorrestein
9789025427689	Renate Dorrestein
9789049802592	Renate Dorrestein
9789490647322	Renate Dorrestein
9789025434397	Renate Dorrestein
9789025434601	Renate Dorrestein
9789057598012	Renate Dorrestein
9789460682162	Rita Spijker
9789460682278	Rita Spijker
9789460681509	Rita Spijker
9789460682285	Rita Spijker
9789460681271	Rita Spijker
9789460683558	Rita Spijker
9789460682544	Rita Spijker
9789460683497	Rita Spijker
9789460682537	Rita Spijker
9789460682551	Rita Spijker
9789460683480	Rita Spijker
9789023472483	Robert Harris
9789023456322	Robert Harris
9789023495833	Robert Harris
9789023457053	Robert Harris
9789023468950	Robert Harris
9789023485179	Robert Harris
9789023491644	Robert Harris
9789023491743	Robert Harris
9789023495635	Robert Harris
9789023428176	Robert Harris
9789023495734	Robert Harris
9789023426547	Robert Harris
9789021015484	Robert Ludlum
9789024529490	Robert Ludlum
9789021015200	Robert Ludlum
9789024529278	Robert Ludlum
9789021014371	Robert Ludlum
9789024561087	Robert Ludlum
9789024562954	Robert Ludlum
9789021009308	Robert Ludlum
9789024561889	Robert Ludlum
9789024541768	Robert Ludlum
9789024563166	Robert Ludlum
9789021018621	Robert Ludlum
9789024560950	Robert Ludlum
9789021018645	Robert Ludlum
9789024558957	Robert Ludlum
9789021018638	Robert Ludlum
9789024560974	Robert Ludlum
9789024561056	Robert Ludlum
9789021008417	Robert Ludlum
9789024561032	Robert Ludlum
9789024572960	Robert Ludlum
9789024554393	Robert Ludlum
9789021014746	Robert Ludlum
9789024530311	Robert Ludlum
9789024529483	Robert Ludlum
9789021012322	Robert Ludlum
9789021018256	Robert Ludlum
9789024562244	Robert Ludlum
9789044348170	Robert van Gulik
9789044348187	Robert van Gulik
9789049930325	Robert van Gulik
9789049930318	Robert van Gulik
9789049930301	Robert van Gulik
9789049930295	Robert van Gulik
9789049930288	Robert van Gulik
9789049930271	Robert van Gulik
9789049930264	Robert van Gulik
9789049930257	Robert van Gulik
9789049930417	Robert van Gulik
9789049930400	Robert van Gulik
9789049930394	Robert van Gulik
9789049930387	Robert van Gulik
9789049930370	Robert van Gulik
9789049930356	Robert van Gulik
9789049930349	Robert van Gulik
9789049930332	Robert van Gulik
9789045313061	Roel Tanja
9789045314426	Roel Tanja
9789045312576	Roel Tanja
9789045317021	Roel Tanja
9789045316932	Roel Tanja
9789045316291	Roel Tanja
9789045319445	Roel Tanja
9789045315232	Roel Tanja
9789045320113	Roel Tanja
9789045317267	Roel Tanja
9789057595479	Ronald Giphart
9789057595950	Ronald Giphart
9789057591532	Ronald Giphart
9789057590108	Ronald Giphart
9789057590801	Ronald Giphart
9789049804701	Ronald Giphart
9789057597138	Ronald Giphart
9789462970090	Ronald Giphart
9789057597831	Ronald Giphart
9789022565094	Santa Montefiore
9789022569689	Santa Montefiore
9789022574225	Santa Montefiore
9789049805005	Santa Montefiore
9789022552315	Santa Montefiore
9789022568842	Santa Montefiore
9789022571033	Santa Montefiore
9789022556504	Santa Montefiore
9789022568828	Santa Montefiore
9789022578834	Santa Montefiore
9789022562741	Santa Montefiore
9789022555712	Santa Montefiore
9789022562734	Santa Montefiore
9789022568798	Santa Montefiore
9789022562758	Santa Montefiore
9789022551936	Santa Montefiore
9789022568804	Santa Montefiore
9789022556511	Santa Montefiore
9789022568811	Santa Montefiore
9789022566749	Santa Montefiore
9789022569658	Santa Montefiore
9789022573235	Santa Montefiore
9789022577479	Santa Montefiore
9789022570425	Santa Montefiore
9789022568545	Santa Montefiore
9789022576557	Santa Montefiore
9789022577820	Santa Montefiore
9789022574652	Santa Montefiore
9789041413468	Saskia Noort
9789041424594	Saskia Noort
9789041412195	Saskia Noort
9789041408334	Saskia Noort
9789041419781	Saskia Noort
9789041424426	Saskia Noort
9789026328824	Saskia Noort
9789041422989	Saskia Noort
9789049803759	Saskia Noort
9789041416070	Saskia Noort
9789041417664	Saskia Noort
9789041423351	Saskia Noort
9789041425584	Saskia Noort
9789026329296	Saskia Noort
9789041424433	Saskia Noort
9789041415523	Saskia Noort
9789041422651	Saskia Noort
9789041424419	Saskia Noort
9789049803490	Saskia Noort
9789041424853	Saskia Noort
9789026338649	Saskia Noort
9789041415851	Saskia Noort
9789041424617	Saskia Noort
9789026331398	Saskia Noort
9789026337383	Saskia Noort
9789026338670	Saskia Noort
9789049805081	Saskia Noort
9789048819225	Simon de Waal
9789048822423	Simon de Waal
9789048822430	Simon de Waal
9789048827633	Simon de Waal
9789048827640	Simon de Waal
9789048827435	Simon de Waal
9789048827442	Simon de Waal
9789048834969	Simon de Waal
9789048834976	Simon de Waal
9789026330759	Simone van der Vlugt
9789041410320	Simone van der Vlugt
9789041420763	Simone van der Vlugt
9789041411723	Simone van der Vlugt
9789041412973	Simone van der Vlugt
9789041420787	Simone van der Vlugt
9789041420596	Simone van der Vlugt
9789041421098	Simone van der Vlugt
9789049805128	Simone van der Vlugt
9789041415929	Simone van der Vlugt
9789041420800	Simone van der Vlugt
9789026330377	Simone van der Vlugt
9789026337291	Simone van der Vlugt
9789041415318	Simone van der Vlugt
9789049801649	Simone van der Vlugt
9789026335594	Simone van der Vlugt
9789041424143	Simone van der Vlugt
9789041424457	Simone van der Vlugt
9789041426499	Simone van der Vlugt
9789049803551	Simone van der Vlugt
9789041415325	Simone van der Vlugt
9789041415868	Simone van der Vlugt
9789041418548	Simone van der Vlugt
9789041420817	Simone van der Vlugt
9789026331961	Simone van der Vlugt
9789026337307	Simone van der Vlugt
9789041418678	Simone van der Vlugt
9789041422668	Simone van der Vlugt
9789049803728	Simone van der Vlugt
9789041410009	Simone van der Vlugt
9789041411679	Simone van der Vlugt
9789041420770	Simone van der Vlugt
9789026335587	Simone van der Vlugt
9789041421470	Simone van der Vlugt
9789041424020	Simone van der Vlugt
9789041425041	Simone van der Vlugt
9789049803087	Simone van der Vlugt
9789026328107	Simone van der Vlugt
9789026331862	Simone van der Vlugt
9789026335600	Simone van der Vlugt
9789041425782	Simone van der Vlugt
9789041410900	Simone van der Vlugt
9789041412942	Simone van der Vlugt
9789041420794	Simone van der Vlugt
9789041422699	Simone van der Vlugt
9789041425249	Simone van der Vlugt
9789049801052	Simone van der Vlugt
9789086960613	Simone van der Vlugt
9789026332166	Simone van der Vlugt
9789026334443	Simone van der Vlugt
9789041426253	Simone van der Vlugt
9789049803919	Simone van der Vlugt
9789026332067	Simone van der Vlugt
9789026334061	Simone van der Vlugt
9789049804527	Simone van der Vlugt
9789026332081	Simone van der Vlugt
9789026335563	Simone van der Vlugt
9789049804992	Simone van der Vlugt
9789026140914	Sophie Hannah
9789032513306	Sophie Hannah
9789032512743	Sophie Hannah
9789032514501	Sophie Hannah
9789026138560	Sophie Hannah
9789032511104	Sophie Hannah
9789032512187	Sophie Hannah
9789026139116	Sophie Hannah
9789032511098	Sophie Hannah
9789032511524	Sophie Hannah
9789032513818	Sophie Hannah
9789032512736	Sophie Hannah
9789032514860	Sophie Hannah
9789044348828	Sophie Hannah
9789048822058	Sophie Hannah
9789048822065	Sophie Hannah
9789032514488	Sophie Hannah
9789026137167	Sophie Hannah
9789044338591	Sophie Kinsella
9789044348637	Sophie Kinsella
9789044350968	Sophie Kinsella
9789044339482	Sophie Kinsella
9789044325591	Sophie Kinsella
9789044335293	Sophie Kinsella
9789044342864	Sophie Kinsella
9789044333862	Sophie Kinsella
9789044339338	Sophie Kinsella
9789044349559	Sophie Kinsella
9789044349566	Sophie Kinsella
9789044333077	Sophie Kinsella
9789044346183	Sophie Kinsella
9789044340792	Sophie Kinsella
9789044351132	Sophie Kinsella
9789044346152	Sophie Kinsella
9789044346176	Sophie Kinsella
9789044317558	Sophie Kinsella
9789044346190	Sophie Kinsella
9789044318258	Sophie Kinsella
9789044346206	Sophie Kinsella
9789044344790	Sophie Kinsella
9789044346084	Sophie Kinsella
9789044348811	Sophie Kinsella
9789044351644	Sophie Kinsella
9789044325997	Sophie Kinsella
9789044347678	Sophie Kinsella
9789044347869	Sophie Kinsella
9789044347876	Sophie Kinsella
9789020413038	Stefan Brijs
9789025446192	Stefan Brijs
9789025446215	Stefan Brijs
9789025443948	Stefan Brijs
9789025446208	Stefan Brijs
9789045019840	Stefan Brijs
9789025442125	Stefan Brijs
9789045009759	Stefan Brijs
9789025443870	Stefan Brijs
9789025446161	Stefan Brijs
9789021018584	Stephen King
9789024533626	Stephen King
9789024558964	Stephen King
9789024563180	Stephen King
9789024530342	Stephen King
9789024559992	Stephen King
9789021015163	Stephen King
9789024559138	Stephen King
9789024559435	Stephen King
9789021015170	Stephen King
9789021057811	Stephen King
9789024528042	Stephen King
9789021015859	Stephen King
9789024559152	Stephen King
9789024563944	Stephen King
9789021008066	Stephen King
9789024524730	Stephen King
9789024530892	Stephen King
9789021010809	Stephen King
9789024511792	Stephen King
9789024561384	Stephen King
9789024529353	Stephen King
9789021015477	Stephen King
9789024559770	Stephen King
9789024561551	Stephen King
9789024564941	Stephen King
9789024528691	Stephen King
9789021007571	Stephen King
9789021014388	Stephen King
9789024557547	Stephen King
9789021016160	Stephen King
9789024564675	Stephen King
9789024565337	Stephen King
9789024563074	Stephen King
9789021012254	Stephen King
9789024564347	Stephen King
9789021016986	Stephen King
9789024566334	Stephen King
9789024566341	Stephen King
9789021016856	Stephen King
9789021018058	Stephen King
9789021018164	Stephen King
9789024567249	Stephen King
9789024567256	Stephen King
9789021014975	Stephen King
9789024549856	Stephen King
9789024569878	Stephen King
9789024569885	Stephen King
9789021015873	Stephen King
9789021019185	Stephen King
9789024572823	Stephen King
9789047007555	Stephen R. Covey
9789025414894	Stephen R. Covey
9789047006190	Stephen R. Covey
9789047054641	Stephen R. Covey
9789492412027	Stephen R. Covey
9789047000211	Stephen R. Covey
9789047007760	Stephen R. Covey
9789047007371	Stephen R. Covey
9789047009399	Stephen R. Covey
9789047009443	Stephen R. Covey
9789049950347	Susan Smit
9789048817443	Susan Smit
9789048820665	Susan Smit
9789048825837	Susan Smit
9789048812547	Susan Smit
9789048832170	Susan Smit
9789048832194	Susan Smit
9789048835454	Susan Smit
9789048835461	Susan Smit
9789400501690	Suzanne Vermeer
9789400502420	Suzanne Vermeer
9789400501980	Suzanne Vermeer
9789400503403	Suzanne Vermeer
9789400503427	Suzanne Vermeer
9789400506428	Suzanne Vermeer
9789400501607	Suzanne Vermeer
9789400504356	Suzanne Vermeer
9789400503434	Suzanne Vermeer
9789400505100	Suzanne Vermeer
9789400508033	Suzanne Vermeer
9789400502550	Suzanne Vermeer
9789400503854	Suzanne Vermeer
9789022994801	Suzanne Vermeer
9789022998700	Suzanne Vermeer
9789400505087	Suzanne Vermeer
9789400504691	Suzanne Vermeer
9789400505520	Suzanne Vermeer
9789022997086	Suzanne Vermeer
9789022999103	Suzanne Vermeer
9789400504875	Suzanne Vermeer
9789400504707	Suzanne Vermeer
9789400506411	Suzanne Vermeer
9789022997093	Suzanne Vermeer
9789400500426	Suzanne Vermeer
9789400505094	Suzanne Vermeer
9789022994795	Suzanne Vermeer
9789022996775	Suzanne Vermeer
9789400504882	Suzanne Vermeer
9789022996072	Suzanne Vermeer
9789400504868	Suzanne Vermeer
9789400504899	Suzanne Vermeer
9789400507098	Suzanne Vermeer
9789022999875	Suzanne Vermeer
9789400500969	Suzanne Vermeer
9789400506046	Suzanne Vermeer
9789400500433	Suzanne Vermeer
9789400502000	Suzanne Vermeer
9789400506435	Suzanne Vermeer
9789022995228	Suzanne Vermeer
9789400507524	Suzanne Vermeer
9789022996089	Suzanne Vermeer
9789400506374	Suzanne Vermeer
9789400508026	Suzanne Vermeer
9789400507135	Suzanne Vermeer
9789400507692	Suzanne Vermeer
9789044969412	Sylvia Day
9789400503960	Sylvia Day
9789400504424	Sylvia Day
9789400504400	Sylvia Day
9789400502390	Sylvia Day
9789400503977	Sylvia Day
9789400502406	Sylvia Day
9789400503984	Sylvia Day
9789400504332	Sylvia Day
9789400504417	Sylvia Day
9789400506053	Sylvia Day
9789026332180	Tatiana de Rosnay
9789047201113	Tatiana de Rosnay
9789047202295	Tatiana de Rosnay
9789047202301	Tatiana de Rosnay
9789047203476	Tatiana de Rosnay
9789047204268	Tatiana de Rosnay
9789047202905	Tatiana de Rosnay
9789047203926	Tatiana de Rosnay
9789047203254	Tatiana de Rosnay
9789047201625	Tatiana de Rosnay
9789047203889	Tatiana de Rosnay
9789047204626	Tatiana de Rosnay
9789026333248	Tatiana de Rosnay
9789047204572	Tatiana de Rosnay
9789026331268	Tatiana de Rosnay
9789026332456	Tatiana de Rosnay
9789024557226	Terry Goodkind
9789024564972	Terry Goodkind
9789024557424	Terry Goodkind
9789024564927	Terry Goodkind
9789024568581	Terry Goodkind
9789024561988	Terry Goodkind
9789024566143	Terry Goodkind
9789024533022	Terry Goodkind
9789024551453	Terry Goodkind
9789024528257	Terry Goodkind
9789024558520	Terry Goodkind
9789024560387	Terry Goodkind
9789024557523	Terry Goodkind
9789024564989	Terry Goodkind
9789024572892	Terry Goodkind
9789024510245	Terry Goodkind
9789024522415	Terry Goodkind
9789044336900	Tess Gerritsen
9789044337068	Tess Gerritsen
9789044342246	Tess Gerritsen
9789044347227	Tess Gerritsen
9789044350050	Tess Gerritsen
9789044335439	Tess Gerritsen
9789044350302	Tess Gerritsen
9789044350319	Tess Gerritsen
9789044335422	Tess Gerritsen
9789044350326	Tess Gerritsen
9789044350333	Tess Gerritsen
9789044332490	Tess Gerritsen
9789044340938	Tess Gerritsen
9789044344615	Tess Gerritsen
9789049803438	Tess Gerritsen
9789044337273	Tess Gerritsen
9789044344608	Tess Gerritsen
9789044345544	Tess Gerritsen
9789044345551	Tess Gerritsen
9789044348835	Tess Gerritsen
9789044346299	Tess Gerritsen
9789044346305	Tess Gerritsen
9789044351767	Tess Gerritsen
9789044349115	Tess Gerritsen
9789044349122	Tess Gerritsen
9789044351958	Tess Gerritsen
9789046813232	Thomas Verbogt
9789046820278	Thomas Verbogt
9789023485230	Thomas Verbogt
9789046803400	Thomas Verbogt
9789046816066	Thomas Verbogt
9789046819326	Thomas Verbogt
9789046821077	Thomas Verbogt
9789049804749	Thomas Verbogt
9789046820650	Thomas Verbogt
9789029572477	Tineke Beishuizen
9789029572880	Tineke Beishuizen
9789049953119	Tineke Beishuizen
9789049952341	Tineke Beishuizen
9789049953690	Tineke Beishuizen
9789029567435	Tineke Beishuizen
9789029572460	Tineke Beishuizen
9789029571241	Tineke Beishuizen
9789049954079	Tineke Beishuizen
9789049953706	Tineke Beishuizen
9789048818426	Tineke Beishuizen
9789400502307	Tom Clancy
9789400507371	Tom Clancy
9789400501263	Tom Clancy
9789400505483	Tom Clancy
9789400504851	Tom Clancy
9789400505773	Tom Clancy
9789022991374	Tom Clancy
9789400502222	Tom Clancy
9789400502871	Tom Clancy
9789400507067	Tom Clancy
9789024573394	Tom Clancy
9789400507883	Tom Clancy
9789044619980	Tom Lanoye
9789044621242	Tom Lanoye
9789044627268	Tom Lanoye
9789044633412	Tom Lanoye
9789044622201	Tom Lanoye
9789044628463	Tom Lanoye
9789044623888	Tom Lanoye
9789044603880	Tom Lanoye
9789044629217	Tom Lanoye
9789053332191	Tom Lanoye
9789044603064	Tom Lanoye
9789044608137	Tom Lanoye
9789044611496	Tom Lanoye
9789044619997	Tom Lanoye
9789079040100	Tom Lanoye
9789044620115	Tom Lanoye
9789044627312	Tom Lanoye
9789044629095	Tom Lanoye
9789023481713	Tomas Ross
9789023459767	Tomas Ross
9789023483014	Tomas Ross
9789023483113	Tomas Ross
9789023425731	Tomas Ross
9789023441878	Tomas Ross
9789023469360	Tomas Ross
9789023477433	Tomas Ross
9789023412786	Tomas Ross
9789023471530	Tomas Ross
9789023482086	Tomas Ross
9789023464532	Tomas Ross
9789023488002	Tomas Ross
9789023490890	Tomas Ross
9789023459866	Tomas Ross
9789023496632	Tomas Ross
9789023498971	Tomas Ross
9789023426653	Tomas Ross
9789023472698	Tommy Wieringa
9789023473282	Tommy Wieringa
9789023489917	Tommy Wieringa
9789023422679	Tommy Wieringa
9789023437420	Tommy Wieringa
9789023464242	Tommy Wieringa
9789023478119	Tommy Wieringa
9789023485735	Tommy Wieringa
9789023490036	Tommy Wieringa
9789023429975	Tommy Wieringa
9789023437048	Tommy Wieringa
9789023462972	Tommy Wieringa
9789023465140	Tommy Wieringa
9789023474050	Tommy Wieringa
9789023485834	Tommy Wieringa
9789023458029	Tommy Wieringa
9789023466031	Tommy Wieringa
9789023485636	Tommy Wieringa
9789023486251	Tommy Wieringa
9789400405523	Tommy Wieringa
9789021450346	Toon Tellegen
9789021457024	Toon Tellegen
9789021438511	Toon Tellegen
9789021438009	Toon Tellegen
9789021445953	Toon Tellegen
9789021457031	Toon Tellegen
9789021402352	Toon Tellegen
9789021456157	Toon Tellegen
9789021438504	Toon Tellegen
9789021458779	Toon Tellegen
9789491845529	Toon Tellegen
9789021403205	Toon Tellegen
9789025418656	Vonne van der Meer
9789046704035	Vonne van der Meer
9789020412628	Vonne van der Meer
9789025438791	Vonne van der Meer
9789025429669	Vonne van der Meer
9789025429881	Vonne van der Meer
9789025429898	Vonne van der Meer
9789025437787	Vonne van der Meer
9789025421649	Vonne van der Meer
9789046705018	Vonne van der Meer
9789025432560	Vonne van der Meer
9789025432782	Vonne van der Meer
9789046704707	Vonne van der Meer
9789025419097	Vonne van der Meer
9789025441234	Vonne van der Meer
9789025446222	Vonne van der Meer
9789022552155	Wilbur Smith
9789022555507	Wilbur Smith
9789022562659	Wilbur Smith
9789022546574	Wilbur Smith
9789022551455	Wilbur Smith
9789401600347	Wilbur Smith
9789401603119	Wilbur Smith
9789401604925	Wilbur Smith
9789401600484	Wilbur Smith
9789401604291	Wilbur Smith
9789401603409	Wilbur Smith
9789401605861	Wilbur Smith
9789401600408	Wilbur Smith
9789401606042	Wilbur Smith
9789401605618	Wilbur Smith
9789023427490	Willem Frederik Hermans
9789023451075	Willem Frederik Hermans
9789023455837	Willem Frederik Hermans
9789023478317	Willem Frederik Hermans
9789023492528	Willem Frederik Hermans
9789023496908	Willem Frederik Hermans
9789023441649	Willem Frederik Hermans
9789023465416	Willem Frederik Hermans
9789028201026	Willem Frederik Hermans
9789028240872	Willem Frederik Hermans
9789028241558	Willem Frederik Hermans
9789028261327	Willem Frederik Hermans
9789028260443	Willem Frederik Hermans
9789028242531	Willem Frederik Hermans
9789028260849	Willem Frederik Hermans
9789023492283	Willem Frederik Hermans
9789023429364	Willem Frederik Hermans
9789023429524	Willem Frederik Hermans
9789023478416	Willem Frederik Hermans
9789023425939	Willem Frederik Hermans
9789026319907	Yvonne Keuls
9789041404763	Yvonne Keuls
9789041406330	Yvonne Keuls
9789041415936	Yvonne Keuls
9789041415837	Yvonne Keuls
9789026318603	Yvonne Keuls
9789026328787	Yvonne Keuls
9789041424891	Yvonne Keuls
9789041406118	Yvonne Keuls
9789041417626	Yvonne Keuls
9789026337130	Yvonne Keuls
